{"2": 0.029411764705882353, "3": 0.058823529411764705, "4": 0.08823529411764705, "5": 0.11764705882352941, "6": 0.14705882352941177, "7": 0.1764705882352941, "8": 0.20588235294117646, "9": 0.23529411764705882, "10": 0.2647058823529412, "11": 0.29411764705882354, "12": 0.3235294117647059, "13": 0.3529411764705882, "14": 0.38235294117647056, "15": 0.4117647058823529, "16": 0.4411764705882353, "17": 0.47058823529411764, "18": 0.5, "19": 0.5294117647058824, "20": 0.5588235294117647, "21": 0.5882352941176471, "22": 0.6176470588235294, "23": 0.6470588235294118, "24": 0.6764705882352942, "25": 0.7058823529411764, "26": 0.7352941176470588, "27": 0.7647058823529411, "28": 0.7941176470588235, "29": 0.8235294117647058, "30": 0.8529411764705882, "31": 0.8823529411764706, "32": 0.9117647058823529, "33": 0.9411764705882353, "34": 0.9705882352941176, "35": 1.0}