{"1": 0.0, "2": 0.03571428571428571, "3": 0.07142857142857142, "4": 0.10714285714285714, "5": 0.14285714285714285, "6": 0.17857142857142855, "7": 0.21428571428571427, "8": 0.25, "9": 0.2857142857142857, "10": 0.3214285714285714, "11": 0.3571428571428571, "12": 0.39285714285714285, "13": 0.42857142857142855, "14": 0.46428571428571425, "15": 0.5, "16": 0.5357142857142857, "17": 0.5714285714285714, "18": 0.6071428571428571, "19": 0.6428571428571428, "20": 0.6785714285714285, "21": 0.7142857142857142, "22": 0.75, "23": 0.7857142857142857, "24": 0.8214285714285714, "25": 0.8571428571428571, "26": 0.8928571428571428, "27": 0.9285714285714285, "28": 0.9642857142857142, "29": 1.0}