{"2": 0.037037037037037035, "3": 0.07407407407407407, "4": 0.1111111111111111, "5": 0.14814814814814814, "6": 0.18518518518518517, "7": 0.2222222222222222, "8": 0.25925925925925924, "9": 0.2962962962962963, "10": 0.3333333333333333, "11": 0.37037037037037035, "12": 0.4074074074074074, "13": 0.4444444444444444, "14": 0.48148148148148145, "15": 0.5185185185185185, "16": 0.5555555555555556, "17": 0.5925925925925926, "18": 0.6296296296296295, "19": 0.6666666666666666, "20": 0.7037037037037037, "21": 0.7407407407407407, "22": 0.7777777777777777, "23": 0.8148148148148148, "24": 0.8518518518518519, "25": 0.8888888888888888, "26": 0.9259259259259258, "27": 0.9629629629629629, "28": 1.0}