{"2": 0.016129032258064516, "3": 0.03225806451612903, "4": 0.04838709677419355, "5": 0.06451612903225806, "6": 0.08064516129032258, "7": 0.0967741935483871, "8": 0.11290322580645161, "9": 0.12903225806451613, "10": 0.14516129032258063, "11": 0.16129032258064516, "12": 0.1774193548387097, "13": 0.1935483870967742, "14": 0.2096774193548387, "15": 0.22580645161290322, "16": 0.24193548387096775, "17": 0.25806451612903225, "18": 0.27419354838709675, "19": 0.29032258064516125, "20": 0.3064516129032258, "21": 0.3225806451612903, "22": 0.3387096774193548, "23": 0.3548387096774194, "24": 0.3709677419354839, "25": 0.3870967741935484, "26": 0.4032258064516129, "27": 0.4193548387096774, "28": 0.43548387096774194, "29": 0.45161290322580644, "30": 0.46774193548387094, "31": 0.4838709677419355, "32": 0.5, "33": 0.5161290322580645, "34": 0.532258064516129, "35": 0.5483870967741935, "36": 0.564516129032258, "37": 0.5806451612903225, "38": 0.5967741935483871, "39": 0.6129032258064516, "40": 0.6290322580645161, "41": 0.6451612903225806, "42": 0.6612903225806451, "43": 0.6774193548387096, "44": 0.6935483870967741, "45": 0.7096774193548387, "46": 0.7258064516129032, "47": 0.7419354838709677, "48": 0.7580645161290323, "49": 0.7741935483870968, "50": 0.7903225806451613, "51": 0.8064516129032258, "52": 0.8225806451612903, "53": 0.8387096774193548, "54": 0.8548387096774194, "55": 0.8709677419354839, "56": 0.8870967741935484, "57": 0.9032258064516129, "58": 0.9193548387096774, "59": 0.9354838709677419, "60": 0.9516129032258064, "61": 0.967741935483871, "62": 0.9838709677419355, "63": 1.0}