{"1": 0.0, "2": 0.02702702702702703, "3": 0.05405405405405406, "4": 0.08108108108108109, "5": 0.10810810810810811, "6": 0.13513513513513514, "7": 0.16216216216216217, "8": 0.1891891891891892, "9": 0.21621621621621623, "10": 0.24324324324324326, "11": 0.2702702702702703, "12": 0.2972972972972973, "13": 0.32432432432432434, "14": 0.35135135135135137, "15": 0.3783783783783784, "16": 0.40540540540540543, "17": 0.43243243243243246, "18": 0.4594594594594595, "19": 0.4864864864864865, "20": 0.5135135135135136, "21": 0.5405405405405406, "22": 0.5675675675675675, "23": 0.5945945945945946, "24": 0.6216216216216217, "25": 0.6486486486486487, "26": 0.6756756756756757, "27": 0.7027027027027027, "28": 0.7297297297297298, "29": 0.7567567567567568, "30": 0.7837837837837838, "31": 0.8108108108108109, "32": 0.8378378378378379, "33": 0.8648648648648649, "34": 0.8918918918918919, "35": 0.918918918918919, "36": 0.945945945945946, "37": 0.972972972972973, "38": 1.0}