{"2": 0.01098901098901099, "3": 0.02197802197802198, "4": 0.03296703296703297, "5": 0.04395604395604396, "6": 0.05494505494505495, "7": 0.06593406593406594, "8": 0.07692307692307693, "9": 0.08791208791208792, "10": 0.09890109890109891, "11": 0.1098901098901099, "12": 0.1208791208791209, "13": 0.13186813186813187, "14": 0.14285714285714288, "15": 0.15384615384615385, "16": 0.16483516483516486, "17": 0.17582417582417584, "18": 0.18681318681318682, "19": 0.19780219780219782, "20": 0.2087912087912088, "21": 0.2197802197802198, "22": 0.23076923076923078, "23": 0.2417582417582418, "24": 0.2527472527472528, "25": 0.26373626373626374, "26": 0.27472527472527475, "27": 0.28571428571428575, "28": 0.2967032967032967, "29": 0.3076923076923077, "30": 0.3186813186813187, "31": 0.3296703296703297, "32": 0.34065934065934067, "33": 0.3516483516483517, "34": 0.3626373626373627, "35": 0.37362637362637363, "36": 0.38461538461538464, "37": 0.39560439560439564, "38": 0.40659340659340665, "39": 0.4175824175824176, "40": 0.4285714285714286, "41": 0.4395604395604396, "42": 0.45054945054945056, "43": 0.46153846153846156, "44": 0.47252747252747257, "45": 0.4835164835164836, "46": 0.4945054945054945, "47": 0.5054945054945056, "48": 0.5164835164835165, "49": 0.5274725274725275, "50": 0.5384615384615385, "51": 0.5494505494505495, "52": 0.5604395604395604, "53": 0.5714285714285715, "54": 0.5824175824175825, "55": 0.5934065934065934, "56": 0.6043956043956045, "57": 0.6153846153846154, "58": 0.6263736263736264, "59": 0.6373626373626374, "60": 0.6483516483516484, "61": 0.6593406593406594, "62": 0.6703296703296704, "63": 0.6813186813186813, "64": 0.6923076923076924, "65": 0.7032967032967034, "66": 0.7142857142857143, "67": 0.7252747252747254, "68": 0.7362637362637363, "69": 0.7472527472527473, "70": 0.7582417582417583, "71": 0.7692307692307693, "72": 0.7802197802197803, "73": 0.7912087912087913, "74": 0.8021978021978022, "75": 0.8131868131868133, "76": 0.8241758241758242, "77": 0.8351648351648352, "78": 0.8461538461538463, "79": 0.8571428571428572, "80": 0.8681318681318682, "81": 0.8791208791208792, "82": 0.8901098901098902, "83": 0.9010989010989011, "84": 0.9120879120879122, "85": 0.9230769230769231, "86": 0.9340659340659342, "87": 0.9450549450549451, "88": 0.9560439560439561, "89": 0.9670329670329672, "90": 0.9780219780219781, "91": 0.989010989010989, "92": 1.0}