{"2": 0.011235955056179775, "3": 0.02247191011235955, "4": 0.033707865168539325, "5": 0.0449438202247191, "6": 0.056179775280898875, "7": 0.06741573033707865, "8": 0.07865168539325842, "9": 0.0898876404494382, "10": 0.10112359550561797, "11": 0.11235955056179775, "12": 0.12359550561797752, "13": 0.1348314606741573, "14": 0.14606741573033707, "15": 0.15730337078651685, "16": 0.16853932584269662, "17": 0.1797752808988764, "18": 0.19101123595505617, "19": 0.20224719101123595, "20": 0.21348314606741572, "21": 0.2247191011235955, "22": 0.23595505617977527, "23": 0.24719101123595505, "24": 0.2584269662921348, "25": 0.2696629213483146, "26": 0.2808988764044944, "27": 0.29213483146067415, "28": 0.3033707865168539, "29": 0.3146067415730337, "30": 0.3258426966292135, "31": 0.33707865168539325, "32": 0.348314606741573, "33": 0.3595505617977528, "34": 0.3707865168539326, "35": 0.38202247191011235, "36": 0.3932584269662921, "37": 0.4044943820224719, "38": 0.4157303370786517, "39": 0.42696629213483145, "40": 0.4382022471910112, "41": 0.449438202247191, "42": 0.4606741573033708, "43": 0.47191011235955055, "44": 0.4831460674157303, "45": 0.4943820224719101, "46": 0.5056179775280899, "47": 0.5168539325842696, "48": 0.5280898876404494, "49": 0.5393258426966292, "50": 0.550561797752809, "51": 0.5617977528089888, "52": 0.5730337078651685, "53": 0.5842696629213483, "54": 0.5955056179775281, "55": 0.6067415730337078, "56": 0.6179775280898876, "57": 0.6292134831460674, "58": 0.6404494382022472, "59": 0.651685393258427, "60": 0.6629213483146067, "61": 0.6741573033707865, "62": 0.6853932584269663, "63": 0.696629213483146, "64": 0.7078651685393258, "65": 0.7191011235955056, "66": 0.7303370786516854, "67": 0.7415730337078652, "68": 0.7528089887640449, "69": 0.7640449438202247, "70": 0.7752808988764045, "71": 0.7865168539325842, "72": 0.797752808988764, "73": 0.8089887640449438, "74": 0.8202247191011236, "75": 0.8314606741573034, "76": 0.8426966292134831, "77": 0.8539325842696629, "78": 0.8651685393258427, "79": 0.8764044943820224, "80": 0.8876404494382022, "81": 0.898876404494382, "82": 0.9101123595505618, "83": 0.9213483146067416, "84": 0.9325842696629213, "85": 0.9438202247191011, "86": 0.9550561797752809, "87": 0.9662921348314606, "88": 0.9775280898876404, "89": 0.9887640449438202, "90": 1.0}