{"1": 0.0, "2": 0.020833333333333332, "3": 0.041666666666666664, "4": 0.0625, "5": 0.08333333333333333, "6": 0.10416666666666666, "7": 0.125, "8": 0.14583333333333331, "9": 0.16666666666666666, "10": 0.1875, "11": 0.20833333333333331, "12": 0.22916666666666666, "13": 0.25, "14": 0.2708333333333333, "15": 0.29166666666666663, "16": 0.3125, "17": 0.3333333333333333, "18": 0.35416666666666663, "19": 0.375, "20": 0.3958333333333333, "21": 0.41666666666666663, "22": 0.4375, "23": 0.4583333333333333, "24": 0.47916666666666663, "25": 0.5, "26": 0.5208333333333333, "27": 0.5416666666666666, "28": 0.5625, "29": 0.5833333333333333, "30": 0.6041666666666666, "31": 0.625, "32": 0.6458333333333333, "33": 0.6666666666666666, "34": 0.6875, "35": 0.7083333333333333, "36": 0.7291666666666666, "37": 0.75, "38": 0.7708333333333333, "39": 0.7916666666666666, "40": 0.8125, "41": 0.8333333333333333, "42": 0.8541666666666666, "43": 0.875, "44": 0.8958333333333333, "45": 0.9166666666666666, "46": 0.9375, "47": 0.9583333333333333, "48": 0.9791666666666666, "49": 1.0}