{"2": 0.013888888888888888, "3": 0.027777777777777776, "4": 0.041666666666666664, "5": 0.05555555555555555, "6": 0.06944444444444445, "7": 0.08333333333333333, "8": 0.09722222222222221, "9": 0.1111111111111111, "10": 0.125, "11": 0.1388888888888889, "12": 0.15277777777777776, "13": 0.16666666666666666, "14": 0.18055555555555555, "15": 0.19444444444444442, "16": 0.20833333333333331, "17": 0.2222222222222222, "18": 0.2361111111111111, "19": 0.25, "20": 0.2638888888888889, "21": 0.2777777777777778, "22": 0.29166666666666663, "23": 0.3055555555555555, "24": 0.3194444444444444, "25": 0.3333333333333333, "26": 0.3472222222222222, "27": 0.3611111111111111, "28": 0.375, "29": 0.38888888888888884, "30": 0.40277777777777773, "31": 0.41666666666666663, "32": 0.4305555555555555, "33": 0.4444444444444444, "34": 0.4583333333333333, "35": 0.4722222222222222, "36": 0.4861111111111111, "37": 0.5, "38": 0.5138888888888888, "39": 0.5277777777777778, "40": 0.5416666666666666, "41": 0.5555555555555556, "42": 0.5694444444444444, "43": 0.5833333333333333, "44": 0.5972222222222222, "45": 0.611111111111111, "46": 0.625, "47": 0.6388888888888888, "48": 0.6527777777777778, "49": 0.6666666666666666, "50": 0.6805555555555555, "51": 0.6944444444444444, "52": 0.7083333333333333, "53": 0.7222222222222222, "54": 0.736111111111111, "55": 0.75, "56": 0.7638888888888888, "57": 0.7777777777777777, "58": 0.7916666666666666, "59": 0.8055555555555555, "60": 0.8194444444444444, "61": 0.8333333333333333, "62": 0.8472222222222222, "63": 0.861111111111111, "64": 0.875, "65": 0.8888888888888888, "66": 0.9027777777777777, "67": 0.9166666666666666, "68": 0.9305555555555555, "69": 0.9444444444444444, "70": 0.9583333333333333, "71": 0.9722222222222222, "72": 0.986111111111111, "73": 1.0}