{"1": 0.0, "2": 0.014492753623188406, "3": 0.028985507246376812, "4": 0.043478260869565216, "5": 0.057971014492753624, "6": 0.07246376811594203, "7": 0.08695652173913043, "8": 0.10144927536231885, "9": 0.11594202898550725, "10": 0.13043478260869565, "11": 0.14492753623188406, "12": 0.15942028985507248, "13": 0.17391304347826086, "14": 0.18840579710144928, "15": 0.2028985507246377, "16": 0.21739130434782608, "17": 0.2318840579710145, "18": 0.2463768115942029, "19": 0.2608695652173913, "20": 0.2753623188405797, "21": 0.2898550724637681, "22": 0.30434782608695654, "23": 0.31884057971014496, "24": 0.3333333333333333, "25": 0.34782608695652173, "26": 0.36231884057971014, "27": 0.37681159420289856, "28": 0.391304347826087, "29": 0.4057971014492754, "30": 0.42028985507246375, "31": 0.43478260869565216, "32": 0.4492753623188406, "33": 0.463768115942029, "34": 0.4782608695652174, "35": 0.4927536231884058, "36": 0.5072463768115942, "37": 0.5217391304347826, "38": 0.5362318840579711, "39": 0.5507246376811594, "40": 0.5652173913043478, "41": 0.5797101449275363, "42": 0.5942028985507246, "43": 0.6086956521739131, "44": 0.6231884057971014, "45": 0.6376811594202899, "46": 0.6521739130434783, "47": 0.6666666666666666, "48": 0.6811594202898551, "49": 0.6956521739130435, "50": 0.7101449275362319, "51": 0.7246376811594203, "52": 0.7391304347826088, "53": 0.7536231884057971, "54": 0.7681159420289855, "55": 0.782608695652174, "56": 0.7971014492753623, "57": 0.8115942028985508, "58": 0.8260869565217391, "59": 0.8405797101449275, "60": 0.855072463768116, "61": 0.8695652173913043, "62": 0.8840579710144928, "63": 0.8985507246376812, "64": 0.9130434782608696, "65": 0.927536231884058, "66": 0.9420289855072463, "67": 0.9565217391304348, "68": 0.9710144927536232, "69": 0.9855072463768116, "70": 1.0}