{"2": 0.02631578947368421, "3": 0.05263157894736842, "4": 0.07894736842105263, "5": 0.10526315789473684, "6": 0.13157894736842105, "7": 0.15789473684210525, "8": 0.18421052631578946, "9": 0.21052631578947367, "10": 0.23684210526315788, "11": 0.2631578947368421, "12": 0.2894736842105263, "13": 0.3157894736842105, "14": 0.3421052631578947, "15": 0.3684210526315789, "16": 0.39473684210526316, "17": 0.42105263157894735, "18": 0.4473684210526315, "19": 0.47368421052631576, "20": 0.5, "21": 0.5263157894736842, "22": 0.5526315789473684, "23": 0.5789473684210527, "24": 0.6052631578947368, "25": 0.631578947368421, "26": 0.6578947368421052, "27": 0.6842105263157894, "28": 0.7105263157894737, "29": 0.7368421052631579, "30": 0.763157894736842, "31": 0.7894736842105263, "32": 0.8157894736842105, "33": 0.8421052631578947, "34": 0.8684210526315789, "35": 0.894736842105263, "36": 0.9210526315789473, "37": 0.9473684210526315, "38": 0.9736842105263157, "39": 1.0}