{"1": 0.0, "2": 0.014084507042253521, "3": 0.028169014084507043, "4": 0.04225352112676056, "5": 0.056338028169014086, "6": 0.07042253521126761, "7": 0.08450704225352113, "8": 0.09859154929577466, "9": 0.11267605633802817, "10": 0.1267605633802817, "11": 0.14084507042253522, "12": 0.15492957746478875, "13": 0.16901408450704225, "14": 0.18309859154929578, "15": 0.1971830985915493, "16": 0.2112676056338028, "17": 0.22535211267605634, "18": 0.23943661971830987, "19": 0.2535211267605634, "20": 0.26760563380281693, "21": 0.28169014084507044, "22": 0.29577464788732394, "23": 0.3098591549295775, "24": 0.323943661971831, "25": 0.3380281690140845, "26": 0.35211267605633806, "27": 0.36619718309859156, "28": 0.38028169014084506, "29": 0.3943661971830986, "30": 0.4084507042253521, "31": 0.4225352112676056, "32": 0.4366197183098592, "33": 0.4507042253521127, "34": 0.4647887323943662, "35": 0.47887323943661975, "36": 0.49295774647887325, "37": 0.5070422535211268, "38": 0.5211267605633803, "39": 0.5352112676056339, "40": 0.5492957746478874, "41": 0.5633802816901409, "42": 0.5774647887323944, "43": 0.5915492957746479, "44": 0.6056338028169014, "45": 0.619718309859155, "46": 0.6338028169014085, "47": 0.647887323943662, "48": 0.6619718309859155, "49": 0.676056338028169, "50": 0.6901408450704225, "51": 0.7042253521126761, "52": 0.7183098591549296, "53": 0.7323943661971831, "54": 0.7464788732394366, "55": 0.7605633802816901, "56": 0.7746478873239436, "57": 0.7887323943661972, "58": 0.8028169014084507, "59": 0.8169014084507042, "60": 0.8309859154929577, "61": 0.8450704225352113, "62": 0.8591549295774648, "63": 0.8732394366197184, "64": 0.8873239436619719, "65": 0.9014084507042254, "66": 0.9154929577464789, "67": 0.9295774647887324, "68": 0.943661971830986, "69": 0.9577464788732395, "70": 0.971830985915493, "71": 0.9859154929577465, "72": 1.0}