{"2": 0.02040816326530612, "3": 0.04081632653061224, "4": 0.061224489795918366, "5": 0.08163265306122448, "6": 0.1020408163265306, "7": 0.12244897959183673, "8": 0.14285714285714285, "9": 0.16326530612244897, "10": 0.18367346938775508, "11": 0.2040816326530612, "12": 0.22448979591836732, "13": 0.24489795918367346, "14": 0.26530612244897955, "15": 0.2857142857142857, "16": 0.3061224489795918, "17": 0.32653061224489793, "18": 0.3469387755102041, "19": 0.36734693877551017, "20": 0.3877551020408163, "21": 0.4081632653061224, "22": 0.42857142857142855, "23": 0.44897959183673464, "24": 0.4693877551020408, "25": 0.4897959183673469, "26": 0.5102040816326531, "27": 0.5306122448979591, "28": 0.5510204081632653, "29": 0.5714285714285714, "30": 0.5918367346938775, "31": 0.6122448979591836, "32": 0.6326530612244897, "33": 0.6530612244897959, "34": 0.673469387755102, "35": 0.6938775510204082, "36": 0.7142857142857142, "37": 0.7346938775510203, "38": 0.7551020408163265, "39": 0.7755102040816326, "40": 0.7959183673469387, "41": 0.8163265306122448, "42": 0.836734693877551, "43": 0.8571428571428571, "44": 0.8775510204081632, "45": 0.8979591836734693, "46": 0.9183673469387754, "47": 0.9387755102040816, "48": 0.9591836734693877, "49": 0.9795918367346939, "50": 0.9999999999999999}