{"1": 0.0, "2": 0.03333333333333333, "3": 0.06666666666666667, "4": 0.1, "5": 0.13333333333333333, "6": 0.16666666666666666, "7": 0.2, "8": 0.23333333333333334, "9": 0.26666666666666666, "10": 0.3, "11": 0.3333333333333333, "12": 0.36666666666666664, "13": 0.4, "14": 0.43333333333333335, "15": 0.4666666666666667, "16": 0.5, "17": 0.5333333333333333, "18": 0.5666666666666667, "19": 0.6, "20": 0.6333333333333333, "21": 0.6666666666666666, "22": 0.7, "23": 0.7333333333333333, "24": 0.7666666666666666, "25": 0.8, "26": 0.8333333333333334, "27": 0.8666666666666667, "28": 0.9, "29": 0.9333333333333333, "30": 0.9666666666666667, "31": 1.0}