{"2": 0.013513513513513514, "3": 0.02702702702702703, "4": 0.04054054054054054, "5": 0.05405405405405406, "6": 0.06756756756756757, "7": 0.08108108108108109, "8": 0.0945945945945946, "9": 0.10810810810810811, "10": 0.12162162162162163, "11": 0.13513513513513514, "12": 0.14864864864864866, "13": 0.16216216216216217, "14": 0.17567567567567569, "15": 0.1891891891891892, "16": 0.20270270270270271, "17": 0.21621621621621623, "18": 0.22972972972972974, "19": 0.24324324324324326, "20": 0.2567567567567568, "21": 0.2702702702702703, "22": 0.28378378378378377, "23": 0.2972972972972973, "24": 0.31081081081081086, "25": 0.32432432432432434, "26": 0.33783783783783783, "27": 0.35135135135135137, "28": 0.3648648648648649, "29": 0.3783783783783784, "30": 0.3918918918918919, "31": 0.40540540540540543, "32": 0.41891891891891897, "33": 0.43243243243243246, "34": 0.44594594594594594, "35": 0.4594594594594595, "36": 0.472972972972973, "37": 0.4864864864864865, "38": 0.5, "39": 0.5135135135135136, "40": 0.5270270270270271, "41": 0.5405405405405406, "42": 0.5540540540540541, "43": 0.5675675675675675, "44": 0.5810810810810811, "45": 0.5945945945945946, "46": 0.6081081081081081, "47": 0.6216216216216217, "48": 0.6351351351351352, "49": 0.6486486486486487, "50": 0.6621621621621622, "51": 0.6756756756756757, "52": 0.6891891891891893, "53": 0.7027027027027027, "54": 0.7162162162162162, "55": 0.7297297297297298, "56": 0.7432432432432433, "57": 0.7567567567567568, "58": 0.7702702702702703, "59": 0.7837837837837838, "60": 0.7972972972972974, "61": 0.8108108108108109, "62": 0.8243243243243243, "63": 0.8378378378378379, "64": 0.8513513513513514, "65": 0.8648648648648649, "66": 0.8783783783783784, "67": 0.8918918918918919, "68": 0.9054054054054055, "69": 0.918918918918919, "70": 0.9324324324324325, "71": 0.945945945945946, "72": 0.9594594594594595, "73": 0.972972972972973, "74": 0.9864864864864865, "75": 1.0}