{"1": 0.0, "2": 0.022727272727272728, "3": 0.045454545454545456, "4": 0.06818181818181818, "5": 0.09090909090909091, "6": 0.11363636363636365, "7": 0.13636363636363635, "8": 0.1590909090909091, "9": 0.18181818181818182, "10": 0.20454545454545456, "11": 0.2272727272727273, "12": 0.25, "13": 0.2727272727272727, "14": 0.29545454545454547, "15": 0.3181818181818182, "16": 0.34090909090909094, "17": 0.36363636363636365, "18": 0.38636363636363635, "19": 0.4090909090909091, "20": 0.4318181818181818, "21": 0.4545454545454546, "22": 0.4772727272727273, "23": 0.5, "24": 0.5227272727272727, "25": 0.5454545454545454, "26": 0.5681818181818182, "27": 0.5909090909090909, "28": 0.6136363636363636, "29": 0.6363636363636364, "30": 0.6590909090909091, "31": 0.6818181818181819, "32": 0.7045454545454546, "33": 0.7272727272727273, "34": 0.75, "35": 0.7727272727272727, "36": 0.7954545454545455, "37": 0.8181818181818182, "38": 0.8409090909090909, "39": 0.8636363636363636, "40": 0.8863636363636364, "41": 0.9090909090909092, "42": 0.9318181818181819, "43": 0.9545454545454546, "44": 0.9772727272727273, "45": 1.0}