{"2": 0.015151515151515152, "3": 0.030303030303030304, "4": 0.045454545454545456, "5": 0.06060606060606061, "6": 0.07575757575757576, "7": 0.09090909090909091, "8": 0.10606060606060606, "9": 0.12121212121212122, "10": 0.13636363636363635, "11": 0.15151515151515152, "12": 0.16666666666666669, "13": 0.18181818181818182, "14": 0.19696969696969696, "15": 0.21212121212121213, "16": 0.2272727272727273, "17": 0.24242424242424243, "18": 0.25757575757575757, "19": 0.2727272727272727, "20": 0.2878787878787879, "21": 0.30303030303030304, "22": 0.3181818181818182, "23": 0.33333333333333337, "24": 0.3484848484848485, "25": 0.36363636363636365, "26": 0.3787878787878788, "27": 0.3939393939393939, "28": 0.4090909090909091, "29": 0.42424242424242425, "30": 0.4393939393939394, "31": 0.4545454545454546, "32": 0.4696969696969697, "33": 0.48484848484848486, "34": 0.5, "35": 0.5151515151515151, "36": 0.5303030303030303, "37": 0.5454545454545454, "38": 0.5606060606060607, "39": 0.5757575757575758, "40": 0.5909090909090909, "41": 0.6060606060606061, "42": 0.6212121212121212, "43": 0.6363636363636364, "44": 0.6515151515151515, "45": 0.6666666666666667, "46": 0.6818181818181819, "47": 0.696969696969697, "48": 0.7121212121212122, "49": 0.7272727272727273, "50": 0.7424242424242424, "51": 0.7575757575757576, "52": 0.7727272727272727, "53": 0.7878787878787878, "54": 0.8030303030303031, "55": 0.8181818181818182, "56": 0.8333333333333334, "57": 0.8484848484848485, "58": 0.8636363636363636, "59": 0.8787878787878788, "60": 0.8939393939393939, "61": 0.9090909090909092, "62": 0.9242424242424243, "63": 0.9393939393939394, "64": 0.9545454545454546, "65": 0.9696969696969697, "66": 0.9848484848484849, "67": 1.0}