{"2": 0.015384615384615385, "3": 0.03076923076923077, "4": 0.046153846153846156, "5": 0.06153846153846154, "6": 0.07692307692307693, "7": 0.09230769230769231, "8": 0.1076923076923077, "9": 0.12307692307692308, "10": 0.13846153846153847, "11": 0.15384615384615385, "12": 0.16923076923076924, "13": 0.18461538461538463, "14": 0.2, "15": 0.2153846153846154, "16": 0.23076923076923078, "17": 0.24615384615384617, "18": 0.26153846153846155, "19": 0.27692307692307694, "20": 0.2923076923076923, "21": 0.3076923076923077, "22": 0.3230769230769231, "23": 0.3384615384615385, "24": 0.35384615384615387, "25": 0.36923076923076925, "26": 0.38461538461538464, "27": 0.4, "28": 0.4153846153846154, "29": 0.4307692307692308, "30": 0.4461538461538462, "31": 0.46153846153846156, "32": 0.47692307692307695, "33": 0.49230769230769234, "34": 0.5076923076923077, "35": 0.5230769230769231, "36": 0.5384615384615385, "37": 0.5538461538461539, "38": 0.5692307692307692, "39": 0.5846153846153846, "40": 0.6000000000000001, "41": 0.6153846153846154, "42": 0.6307692307692307, "43": 0.6461538461538462, "44": 0.6615384615384616, "45": 0.676923076923077, "46": 0.6923076923076923, "47": 0.7076923076923077, "48": 0.7230769230769232, "49": 0.7384615384615385, "50": 0.7538461538461538, "51": 0.7692307692307693, "52": 0.7846153846153847, "53": 0.8, "54": 0.8153846153846154, "55": 0.8307692307692308, "56": 0.8461538461538463, "57": 0.8615384615384616, "58": 0.8769230769230769, "59": 0.8923076923076924, "60": 0.9076923076923078, "61": 0.9230769230769231, "62": 0.9384615384615385, "63": 0.9538461538461539, "64": 0.9692307692307693, "65": 0.9846153846153847, "66": 1.0}