{"2": 0.023255813953488372, "3": 0.046511627906976744, "4": 0.06976744186046512, "5": 0.09302325581395349, "6": 0.11627906976744186, "7": 0.13953488372093023, "8": 0.16279069767441862, "9": 0.18604651162790697, "10": 0.20930232558139533, "11": 0.23255813953488372, "12": 0.2558139534883721, "13": 0.27906976744186046, "14": 0.3023255813953488, "15": 0.32558139534883723, "16": 0.3488372093023256, "17": 0.37209302325581395, "18": 0.3953488372093023, "19": 0.41860465116279066, "20": 0.4418604651162791, "21": 0.46511627906976744, "22": 0.4883720930232558, "23": 0.5116279069767442, "24": 0.5348837209302325, "25": 0.5581395348837209, "26": 0.5813953488372093, "27": 0.6046511627906976, "28": 0.627906976744186, "29": 0.6511627906976745, "30": 0.6744186046511628, "31": 0.6976744186046512, "32": 0.7209302325581395, "33": 0.7441860465116279, "34": 0.7674418604651163, "35": 0.7906976744186046, "36": 0.813953488372093, "37": 0.8372093023255813, "38": 0.8604651162790697, "39": 0.8837209302325582, "40": 0.9069767441860465, "41": 0.9302325581395349, "42": 0.9534883720930233, "43": 0.9767441860465116, "44": 1.0}