{"1": 0.0, "2": 0.043478260869565216, "3": 0.08695652173913043, "4": 0.13043478260869565, "5": 0.17391304347826086, "6": 0.21739130434782608, "7": 0.2608695652173913, "8": 0.30434782608695654, "9": 0.34782608695652173, "10": 0.3913043478260869, "11": 0.43478260869565216, "12": 0.4782608695652174, "13": 0.5217391304347826, "14": 0.5652173913043478, "15": 0.6086956521739131, "16": 0.6521739130434783, "17": 0.6956521739130435, "18": 0.7391304347826086, "19": 0.7826086956521738, "20": 0.8260869565217391, "21": 0.8695652173913043, "22": 0.9130434782608695, "23": 0.9565217391304348, "24": 1.0}