{"2": 0.024390243902439025, "3": 0.04878048780487805, "4": 0.07317073170731708, "5": 0.0975609756097561, "6": 0.12195121951219512, "7": 0.14634146341463417, "8": 0.17073170731707318, "9": 0.1951219512195122, "10": 0.21951219512195122, "11": 0.24390243902439024, "12": 0.2682926829268293, "13": 0.29268292682926833, "14": 0.3170731707317073, "15": 0.34146341463414637, "16": 0.36585365853658536, "17": 0.3902439024390244, "18": 0.41463414634146345, "19": 0.43902439024390244, "20": 0.4634146341463415, "21": 0.4878048780487805, "22": 0.5121951219512195, "23": 0.5365853658536586, "24": 0.5609756097560976, "25": 0.5853658536585367, "26": 0.6097560975609756, "27": 0.6341463414634146, "28": 0.6585365853658537, "29": 0.6829268292682927, "30": 0.7073170731707318, "31": 0.7317073170731707, "32": 0.7560975609756098, "33": 0.7804878048780488, "34": 0.8048780487804879, "35": 0.8292682926829269, "36": 0.8536585365853658, "37": 0.8780487804878049, "38": 0.9024390243902439, "39": 0.926829268292683, "40": 0.951219512195122, "41": 0.975609756097561, "42": 1.0}