{"2": 0.034482758620689655, "3": 0.06896551724137931, "4": 0.10344827586206896, "5": 0.13793103448275862, "6": 0.1724137931034483, "7": 0.20689655172413793, "8": 0.24137931034482757, "9": 0.27586206896551724, "10": 0.3103448275862069, "11": 0.3448275862068966, "12": 0.3793103448275862, "13": 0.41379310344827586, "14": 0.4482758620689655, "15": 0.48275862068965514, "16": 0.5172413793103449, "17": 0.5517241379310345, "18": 0.5862068965517241, "19": 0.6206896551724138, "20": 0.6551724137931034, "21": 0.6896551724137931, "22": 0.7241379310344828, "23": 0.7586206896551724, "24": 0.7931034482758621, "25": 0.8275862068965517, "26": 0.8620689655172413, "27": 0.896551724137931, "28": 0.9310344827586207, "29": 0.9655172413793103, "30": 1.0}