{"1": 0.0, "2": 0.025, "3": 0.05, "4": 0.07500000000000001, "5": 0.1, "6": 0.125, "7": 0.15000000000000002, "8": 0.17500000000000002, "9": 0.2, "10": 0.225, "11": 0.25, "12": 0.275, "13": 0.30000000000000004, "14": 0.325, "15": 0.35000000000000003, "16": 0.375, "17": 0.4, "18": 0.42500000000000004, "19": 0.45, "20": 0.47500000000000003, "21": 0.5, "22": 0.525, "23": 0.55, "24": 0.5750000000000001, "25": 0.6000000000000001, "26": 0.625, "27": 0.65, "28": 0.675, "29": 0.7000000000000001, "30": 0.7250000000000001, "31": 0.75, "32": 0.775, "33": 0.8, "34": 0.8250000000000001, "35": 0.8500000000000001, "36": 0.875, "37": 0.9, "38": 0.925, "39": 0.9500000000000001, "40": 0.9750000000000001, "41": 1.0}