{"2": 0.02564102564102564, "3": 0.05128205128205128, "4": 0.07692307692307693, "5": 0.10256410256410256, "6": 0.1282051282051282, "7": 0.15384615384615385, "8": 0.1794871794871795, "9": 0.20512820512820512, "10": 0.23076923076923075, "11": 0.2564102564102564, "12": 0.28205128205128205, "13": 0.3076923076923077, "14": 0.3333333333333333, "15": 0.358974358974359, "16": 0.3846153846153846, "17": 0.41025641025641024, "18": 0.4358974358974359, "19": 0.4615384615384615, "20": 0.48717948717948717, "21": 0.5128205128205128, "22": 0.5384615384615384, "23": 0.5641025641025641, "24": 0.5897435897435898, "25": 0.6153846153846154, "26": 0.641025641025641, "27": 0.6666666666666666, "28": 0.6923076923076923, "29": 0.717948717948718, "30": 0.7435897435897436, "31": 0.7692307692307692, "32": 0.7948717948717948, "33": 0.8205128205128205, "34": 0.8461538461538461, "35": 0.8717948717948718, "36": 0.8974358974358974, "37": 0.923076923076923, "38": 0.9487179487179487, "39": 0.9743589743589743, "40": 1.0}