{"1": 0.0, "2": 0.02127659574468085, "3": 0.0425531914893617, "4": 0.06382978723404255, "5": 0.0851063829787234, "6": 0.10638297872340426, "7": 0.1276595744680851, "8": 0.14893617021276595, "9": 0.1702127659574468, "10": 0.19148936170212766, "11": 0.2127659574468085, "12": 0.23404255319148937, "13": 0.2553191489361702, "14": 0.2765957446808511, "15": 0.2978723404255319, "16": 0.3191489361702128, "17": 0.3404255319148936, "18": 0.36170212765957444, "19": 0.3829787234042553, "20": 0.40425531914893614, "21": 0.425531914893617, "22": 0.44680851063829785, "23": 0.46808510638297873, "24": 0.48936170212765956, "25": 0.5106382978723404, "26": 0.5319148936170213, "27": 0.5531914893617021, "28": 0.5744680851063829, "29": 0.5957446808510638, "30": 0.6170212765957447, "31": 0.6382978723404256, "32": 0.6595744680851063, "33": 0.6808510638297872, "34": 0.7021276595744681, "35": 0.7234042553191489, "36": 0.7446808510638298, "37": 0.7659574468085106, "38": 0.7872340425531915, "39": 0.8085106382978723, "40": 0.8297872340425532, "41": 0.851063829787234, "42": 0.8723404255319148, "43": 0.8936170212765957, "44": 0.9148936170212766, "45": 0.9361702127659575, "46": 0.9574468085106382, "47": 0.9787234042553191, "48": 1.0}