{"2": 0.011111111111111112, "3": 0.022222222222222223, "4": 0.03333333333333333, "5": 0.044444444444444446, "6": 0.05555555555555556, "7": 0.06666666666666667, "8": 0.07777777777777778, "9": 0.08888888888888889, "10": 0.1, "11": 0.11111111111111112, "12": 0.12222222222222223, "13": 0.13333333333333333, "14": 0.14444444444444446, "15": 0.15555555555555556, "16": 0.16666666666666669, "17": 0.17777777777777778, "18": 0.18888888888888888, "19": 0.2, "20": 0.2111111111111111, "21": 0.22222222222222224, "22": 0.23333333333333334, "23": 0.24444444444444446, "24": 0.2555555555555556, "25": 0.26666666666666666, "26": 0.2777777777777778, "27": 0.2888888888888889, "28": 0.3, "29": 0.3111111111111111, "30": 0.32222222222222224, "31": 0.33333333333333337, "32": 0.34444444444444444, "33": 0.35555555555555557, "34": 0.3666666666666667, "35": 0.37777777777777777, "36": 0.3888888888888889, "37": 0.4, "38": 0.41111111111111115, "39": 0.4222222222222222, "40": 0.43333333333333335, "41": 0.4444444444444445, "42": 0.45555555555555555, "43": 0.4666666666666667, "44": 0.4777777777777778, "45": 0.48888888888888893, "46": 0.5, "47": 0.5111111111111112, "48": 0.5222222222222223, "49": 0.5333333333333333, "50": 0.5444444444444445, "51": 0.5555555555555556, "52": 0.5666666666666667, "53": 0.5777777777777778, "54": 0.5888888888888889, "55": 0.6, "56": 0.6111111111111112, "57": 0.6222222222222222, "58": 0.6333333333333333, "59": 0.6444444444444445, "60": 0.6555555555555556, "61": 0.6666666666666667, "62": 0.6777777777777778, "63": 0.6888888888888889, "64": 0.7000000000000001, "65": 0.7111111111111111, "66": 0.7222222222222222, "67": 0.7333333333333334, "68": 0.7444444444444445, "69": 0.7555555555555555, "70": 0.7666666666666667, "71": 0.7777777777777778, "72": 0.788888888888889, "73": 0.8, "74": 0.8111111111111111, "75": 0.8222222222222223, "76": 0.8333333333333334, "77": 0.8444444444444444, "78": 0.8555555555555556, "79": 0.8666666666666667, "80": 0.8777777777777778, "81": 0.888888888888889, "82": 0.9, "83": 0.9111111111111111, "84": 0.9222222222222223, "85": 0.9333333333333333, "86": 0.9444444444444445, "87": 0.9555555555555556, "88": 0.9666666666666667, "89": 0.9777777777777779, "90": 0.9888888888888889, "91": 1.0}