{"1": 0.0, "2": 0.022222222222222223, "3": 0.044444444444444446, "4": 0.06666666666666667, "5": 0.08888888888888889, "6": 0.11111111111111112, "7": 0.13333333333333333, "8": 0.15555555555555556, "9": 0.17777777777777778, "10": 0.2, "11": 0.22222222222222224, "12": 0.24444444444444446, "13": 0.26666666666666666, "14": 0.2888888888888889, "15": 0.3111111111111111, "16": 0.33333333333333337, "17": 0.35555555555555557, "18": 0.37777777777777777, "19": 0.4, "20": 0.4222222222222222, "21": 0.4444444444444445, "22": 0.4666666666666667, "23": 0.48888888888888893, "24": 0.5111111111111112, "25": 0.5333333333333333, "26": 0.5555555555555556, "27": 0.5777777777777778, "28": 0.6, "29": 0.6222222222222222, "30": 0.6444444444444445, "31": 0.6666666666666667, "32": 0.6888888888888889, "33": 0.7111111111111111, "34": 0.7333333333333334, "35": 0.7555555555555555, "36": 0.7777777777777778, "37": 0.8, "38": 0.8222222222222223, "39": 0.8444444444444444, "40": 0.8666666666666667, "41": 0.888888888888889, "42": 0.9111111111111111, "43": 0.9333333333333333, "44": 0.9555555555555556, "45": 0.9777777777777779, "46": 1.0}