{"2": 0.013333333333333334, "3": 0.02666666666666667, "4": 0.04, "5": 0.05333333333333334, "6": 0.06666666666666667, "7": 0.08, "8": 0.09333333333333334, "9": 0.10666666666666667, "10": 0.12000000000000001, "11": 0.13333333333333333, "12": 0.14666666666666667, "13": 0.16, "14": 0.17333333333333334, "15": 0.18666666666666668, "16": 0.2, "17": 0.21333333333333335, "18": 0.22666666666666668, "19": 0.24000000000000002, "20": 0.25333333333333335, "21": 0.26666666666666666, "22": 0.28, "23": 0.29333333333333333, "24": 0.3066666666666667, "25": 0.32, "26": 0.33333333333333337, "27": 0.3466666666666667, "28": 0.36000000000000004, "29": 0.37333333333333335, "30": 0.3866666666666667, "31": 0.4, "32": 0.4133333333333334, "33": 0.4266666666666667, "34": 0.44, "35": 0.45333333333333337, "36": 0.4666666666666667, "37": 0.48000000000000004, "38": 0.49333333333333335, "39": 0.5066666666666667, "40": 0.52, "41": 0.5333333333333333, "42": 0.5466666666666667, "43": 0.56, "44": 0.5733333333333334, "45": 0.5866666666666667, "46": 0.6000000000000001, "47": 0.6133333333333334, "48": 0.6266666666666667, "49": 0.64, "50": 0.6533333333333333, "51": 0.6666666666666667, "52": 0.68, "53": 0.6933333333333334, "54": 0.7066666666666667, "55": 0.7200000000000001, "56": 0.7333333333333334, "57": 0.7466666666666667, "58": 0.76, "59": 0.7733333333333334, "60": 0.7866666666666667, "61": 0.8, "62": 0.8133333333333334, "63": 0.8266666666666668, "64": 0.8400000000000001, "65": 0.8533333333333334, "66": 0.8666666666666667, "67": 0.88, "68": 0.8933333333333334, "69": 0.9066666666666667, "70": 0.92, "71": 0.9333333333333333, "72": 0.9466666666666668, "73": 0.9600000000000001, "74": 0.9733333333333334, "75": 0.9866666666666667, "76": 1.0}