{"2": 0.03225806451612903, "3": 0.06451612903225806, "4": 0.0967741935483871, "5": 0.12903225806451613, "6": 0.16129032258064516, "7": 0.1935483870967742, "8": 0.22580645161290322, "9": 0.25806451612903225, "10": 0.29032258064516125, "11": 0.3225806451612903, "12": 0.3548387096774194, "13": 0.3870967741935484, "14": 0.4193548387096774, "15": 0.45161290322580644, "16": 0.4838709677419355, "17": 0.5161290322580645, "18": 0.5483870967741935, "19": 0.5806451612903225, "20": 0.6129032258064516, "21": 0.6451612903225806, "22": 0.6774193548387096, "23": 0.7096774193548387, "24": 0.7419354838709677, "25": 0.7741935483870968, "26": 0.8064516129032258, "27": 0.8387096774193548, "28": 0.8709677419354839, "29": 0.9032258064516129, "30": 0.9354838709677419, "31": 0.967741935483871, "32": 1.0}