{"1": 0.0, "2": 0.02857142857142857, "3": 0.05714285714285714, "4": 0.08571428571428572, "5": 0.11428571428571428, "6": 0.14285714285714285, "7": 0.17142857142857143, "8": 0.19999999999999998, "9": 0.22857142857142856, "10": 0.2571428571428571, "11": 0.2857142857142857, "12": 0.3142857142857143, "13": 0.34285714285714286, "14": 0.37142857142857144, "15": 0.39999999999999997, "16": 0.42857142857142855, "17": 0.45714285714285713, "18": 0.4857142857142857, "19": 0.5142857142857142, "20": 0.5428571428571428, "21": 0.5714285714285714, "22": 0.6, "23": 0.6285714285714286, "24": 0.6571428571428571, "25": 0.6857142857142857, "26": 0.7142857142857143, "27": 0.7428571428571429, "28": 0.7714285714285714, "29": 0.7999999999999999, "30": 0.8285714285714285, "31": 0.8571428571428571, "32": 0.8857142857142857, "33": 0.9142857142857143, "34": 0.9428571428571428, "35": 0.9714285714285714, "36": 1.0}