{"1": 0.0, "2": 0.018867924528301886, "3": 0.03773584905660377, "4": 0.05660377358490566, "5": 0.07547169811320754, "6": 0.09433962264150943, "7": 0.11320754716981132, "8": 0.1320754716981132, "9": 0.1509433962264151, "10": 0.16981132075471697, "11": 0.18867924528301885, "12": 0.20754716981132074, "13": 0.22641509433962265, "14": 0.24528301886792453, "15": 0.2641509433962264, "16": 0.2830188679245283, "17": 0.3018867924528302, "18": 0.32075471698113206, "19": 0.33962264150943394, "20": 0.3584905660377358, "21": 0.3773584905660377, "22": 0.3962264150943396, "23": 0.4150943396226415, "24": 0.43396226415094336, "25": 0.4528301886792453, "26": 0.4716981132075472, "27": 0.49056603773584906, "28": 0.5094339622641509, "29": 0.5283018867924528, "30": 0.5471698113207547, "31": 0.5660377358490566, "32": 0.5849056603773585, "33": 0.6037735849056604, "34": 0.6226415094339622, "35": 0.6415094339622641, "36": 0.660377358490566, "37": 0.6792452830188679, "38": 0.6981132075471698, "39": 0.7169811320754716, "40": 0.7358490566037735, "41": 0.7547169811320754, "42": 0.7735849056603773, "43": 0.7924528301886792, "44": 0.8113207547169811, "45": 0.830188679245283, "46": 0.8490566037735848, "47": 0.8679245283018867, "48": 0.8867924528301886, "49": 0.9056603773584906, "50": 0.9245283018867925, "51": 0.9433962264150944, "52": 0.9622641509433962, "53": 0.9811320754716981, "54": 1.0}