{"1": 0.0, "2": 0.009259259259259259, "3": 0.018518518518518517, "4": 0.027777777777777776, "5": 0.037037037037037035, "6": 0.046296296296296294, "7": 0.05555555555555555, "8": 0.06481481481481481, "9": 0.07407407407407407, "10": 0.08333333333333333, "11": 0.09259259259259259, "12": 0.10185185185185185, "13": 0.1111111111111111, "14": 0.12037037037037036, "15": 0.12962962962962962, "16": 0.1388888888888889, "17": 0.14814814814814814, "18": 0.15740740740740738, "19": 0.16666666666666666, "20": 0.17592592592592593, "21": 0.18518518518518517, "22": 0.19444444444444442, "23": 0.2037037037037037, "24": 0.21296296296296297, "25": 0.2222222222222222, "26": 0.23148148148148145, "27": 0.24074074074074073, "28": 0.25, "29": 0.25925925925925924, "30": 0.2685185185185185, "31": 0.2777777777777778, "32": 0.28703703703703703, "33": 0.2962962962962963, "34": 0.3055555555555555, "35": 0.31481481481481477, "36": 0.32407407407407407, "37": 0.3333333333333333, "38": 0.34259259259259256, "39": 0.35185185185185186, "40": 0.3611111111111111, "41": 0.37037037037037035, "42": 0.3796296296296296, "43": 0.38888888888888884, "44": 0.39814814814814814, "45": 0.4074074074074074, "46": 0.41666666666666663, "47": 0.42592592592592593, "48": 0.4351851851851852, "49": 0.4444444444444444, "50": 0.45370370370370366, "51": 0.4629629629629629, "52": 0.4722222222222222, "53": 0.48148148148148145, "54": 0.4907407407407407, "55": 0.5, "56": 0.5092592592592592, "57": 0.5185185185185185, "58": 0.5277777777777778, "59": 0.537037037037037, "60": 0.5462962962962963, "61": 0.5555555555555556, "62": 0.5648148148148148, "63": 0.5740740740740741, "64": 0.5833333333333333, "65": 0.5925925925925926, "66": 0.6018518518518519, "67": 0.611111111111111, "68": 0.6203703703703703, "69": 0.6296296296296295, "70": 0.6388888888888888, "71": 0.6481481481481481, "72": 0.6574074074074073, "73": 0.6666666666666666, "74": 0.6759259259259259, "75": 0.6851851851851851, "76": 0.6944444444444444, "77": 0.7037037037037037, "78": 0.7129629629629629, "79": 0.7222222222222222, "80": 0.7314814814814814, "81": 0.7407407407407407, "82": 0.75, "83": 0.7592592592592592, "84": 0.7685185185185185, "85": 0.7777777777777777, "86": 0.787037037037037, "87": 0.7962962962962963, "88": 0.8055555555555555, "89": 0.8148148148148148, "90": 0.8240740740740741, "91": 0.8333333333333333, "92": 0.8425925925925926, "93": 0.8518518518518519, "94": 0.861111111111111, "95": 0.8703703703703703, "96": 0.8796296296296295, "97": 0.8888888888888888, "98": 0.8981481481481481, "99": 0.9074074074074073, "100": 0.9166666666666666, "101": 0.9259259259259258, "102": 0.9351851851851851, "103": 0.9444444444444444, "104": 0.9537037037037036, "105": 0.9629629629629629, "106": 0.9722222222222222, "107": 0.9814814814814814, "108": 0.9907407407407407, "109": 1.0}