{"2": 0.00980392156862745, "3": 0.0196078431372549, "4": 0.029411764705882353, "5": 0.0392156862745098, "6": 0.049019607843137254, "7": 0.058823529411764705, "8": 0.06862745098039216, "9": 0.0784313725490196, "10": 0.08823529411764705, "11": 0.09803921568627451, "12": 0.10784313725490197, "13": 0.11764705882352941, "14": 0.12745098039215685, "15": 0.13725490196078433, "16": 0.14705882352941177, "17": 0.1568627450980392, "18": 0.16666666666666666, "19": 0.1764705882352941, "20": 0.18627450980392157, "21": 0.19607843137254902, "22": 0.20588235294117646, "23": 0.21568627450980393, "24": 0.22549019607843138, "25": 0.23529411764705882, "26": 0.24509803921568626, "27": 0.2549019607843137, "28": 0.2647058823529412, "29": 0.27450980392156865, "30": 0.28431372549019607, "31": 0.29411764705882354, "32": 0.30392156862745096, "33": 0.3137254901960784, "34": 0.3235294117647059, "35": 0.3333333333333333, "36": 0.3431372549019608, "37": 0.3529411764705882, "38": 0.3627450980392157, "39": 0.37254901960784315, "40": 0.38235294117647056, "41": 0.39215686274509803, "42": 0.4019607843137255, "43": 0.4117647058823529, "44": 0.4215686274509804, "45": 0.43137254901960786, "46": 0.4411764705882353, "47": 0.45098039215686275, "48": 0.46078431372549017, "49": 0.47058823529411764, "50": 0.4803921568627451, "51": 0.49019607843137253, "52": 0.5, "53": 0.5098039215686274, "54": 0.5196078431372549, "55": 0.5294117647058824, "56": 0.5392156862745098, "57": 0.5490196078431373, "58": 0.5588235294117647, "59": 0.5686274509803921, "60": 0.5784313725490196, "61": 0.5882352941176471, "62": 0.5980392156862745, "63": 0.6078431372549019, "64": 0.6176470588235294, "65": 0.6274509803921569, "66": 0.6372549019607843, "67": 0.6470588235294118, "68": 0.6568627450980392, "69": 0.6666666666666666, "70": 0.6764705882352942, "71": 0.6862745098039216, "72": 0.696078431372549, "73": 0.7058823529411764, "74": 0.7156862745098039, "75": 0.7254901960784313, "76": 0.7352941176470588, "77": 0.7450980392156863, "78": 0.7549019607843137, "79": 0.7647058823529411, "80": 0.7745098039215687, "81": 0.7843137254901961, "82": 0.7941176470588235, "83": 0.803921568627451, "84": 0.8137254901960784, "85": 0.8235294117647058, "86": 0.8333333333333334, "87": 0.8431372549019608, "88": 0.8529411764705882, "89": 0.8627450980392157, "90": 0.8725490196078431, "91": 0.8823529411764706, "92": 0.892156862745098, "93": 0.9019607843137255, "94": 0.9117647058823529, "95": 0.9215686274509803, "96": 0.9313725490196079, "97": 0.9411764705882353, "98": 0.9509803921568627, "99": 0.9607843137254902, "100": 0.9705882352941176, "101": 0.9803921568627451, "102": 0.9901960784313726, "103": 1.0}