{"2": 0.015873015873015872, "3": 0.031746031746031744, "4": 0.047619047619047616, "5": 0.06349206349206349, "6": 0.07936507936507936, "7": 0.09523809523809523, "8": 0.1111111111111111, "9": 0.12698412698412698, "10": 0.14285714285714285, "11": 0.15873015873015872, "12": 0.1746031746031746, "13": 0.19047619047619047, "14": 0.20634920634920634, "15": 0.2222222222222222, "16": 0.23809523809523808, "17": 0.25396825396825395, "18": 0.2698412698412698, "19": 0.2857142857142857, "20": 0.30158730158730157, "21": 0.31746031746031744, "22": 0.3333333333333333, "23": 0.3492063492063492, "24": 0.36507936507936506, "25": 0.38095238095238093, "26": 0.3968253968253968, "27": 0.4126984126984127, "28": 0.42857142857142855, "29": 0.4444444444444444, "30": 0.4603174603174603, "31": 0.47619047619047616, "32": 0.49206349206349204, "33": 0.5079365079365079, "34": 0.5238095238095237, "35": 0.5396825396825397, "36": 0.5555555555555556, "37": 0.5714285714285714, "38": 0.5873015873015872, "39": 0.6031746031746031, "40": 0.6190476190476191, "41": 0.6349206349206349, "42": 0.6507936507936507, "43": 0.6666666666666666, "44": 0.6825396825396826, "45": 0.6984126984126984, "46": 0.7142857142857142, "47": 0.7301587301587301, "48": 0.746031746031746, "49": 0.7619047619047619, "50": 0.7777777777777777, "51": 0.7936507936507936, "52": 0.8095238095238095, "53": 0.8253968253968254, "54": 0.8412698412698412, "55": 0.8571428571428571, "56": 0.873015873015873, "57": 0.8888888888888888, "58": 0.9047619047619047, "59": 0.9206349206349206, "60": 0.9365079365079365, "61": 0.9523809523809523, "62": 0.9682539682539681, "63": 0.9841269841269841, "64": 1.0}