{"1": 0.0, "2": 0.01639344262295082, "3": 0.03278688524590164, "4": 0.04918032786885246, "5": 0.06557377049180328, "6": 0.0819672131147541, "7": 0.09836065573770492, "8": 0.11475409836065574, "9": 0.13114754098360656, "10": 0.14754098360655737, "11": 0.1639344262295082, "12": 0.18032786885245902, "13": 0.19672131147540983, "14": 0.21311475409836067, "15": 0.22950819672131148, "16": 0.24590163934426232, "17": 0.26229508196721313, "18": 0.27868852459016397, "19": 0.29508196721311475, "20": 0.3114754098360656, "21": 0.3278688524590164, "22": 0.3442622950819672, "23": 0.36065573770491804, "24": 0.3770491803278689, "25": 0.39344262295081966, "26": 0.4098360655737705, "27": 0.42622950819672134, "28": 0.4426229508196722, "29": 0.45901639344262296, "30": 0.4754098360655738, "31": 0.49180327868852464, "32": 0.5081967213114754, "33": 0.5245901639344263, "34": 0.5409836065573771, "35": 0.5573770491803279, "36": 0.5737704918032788, "37": 0.5901639344262295, "38": 0.6065573770491803, "39": 0.6229508196721312, "40": 0.639344262295082, "41": 0.6557377049180328, "42": 0.6721311475409837, "43": 0.6885245901639344, "44": 0.7049180327868853, "45": 0.7213114754098361, "46": 0.7377049180327869, "47": 0.7540983606557378, "48": 0.7704918032786886, "49": 0.7868852459016393, "50": 0.8032786885245902, "51": 0.819672131147541, "52": 0.8360655737704918, "53": 0.8524590163934427, "54": 0.8688524590163935, "55": 0.8852459016393444, "56": 0.9016393442622951, "57": 0.9180327868852459, "58": 0.9344262295081968, "59": 0.9508196721311476, "60": 0.9672131147540984, "61": 0.9836065573770493, "62": 1.0}