{"1": 0.0, "2": 0.0196078431372549, "3": 0.0392156862745098, "4": 0.058823529411764705, "5": 0.0784313725490196, "6": 0.09803921568627451, "7": 0.11764705882352941, "8": 0.13725490196078433, "9": 0.1568627450980392, "10": 0.1764705882352941, "11": 0.19607843137254902, "12": 0.21568627450980393, "13": 0.23529411764705882, "14": 0.2549019607843137, "15": 0.27450980392156865, "16": 0.29411764705882354, "17": 0.3137254901960784, "18": 0.3333333333333333, "19": 0.3529411764705882, "20": 0.37254901960784315, "21": 0.39215686274509803, "22": 0.4117647058823529, "23": 0.43137254901960786, "24": 0.45098039215686275, "25": 0.47058823529411764, "26": 0.49019607843137253, "27": 0.5098039215686274, "28": 0.5294117647058824, "29": 0.5490196078431373, "30": 0.5686274509803921, "31": 0.5882352941176471, "32": 0.6078431372549019, "33": 0.6274509803921569, "34": 0.6470588235294118, "35": 0.6666666666666666, "36": 0.6862745098039216, "37": 0.7058823529411764, "38": 0.7254901960784313, "39": 0.7450980392156863, "40": 0.7647058823529411, "41": 0.7843137254901961, "42": 0.803921568627451, "43": 0.8235294117647058, "44": 0.8431372549019608, "45": 0.8627450980392157, "46": 0.8823529411764706, "47": 0.9019607843137255, "48": 0.9215686274509803, "49": 0.9411764705882353, "50": 0.9607843137254902, "51": 0.9803921568627451, "52": 1.0}