{"2": 0.027777777777777776, "3": 0.05555555555555555, "4": 0.08333333333333333, "5": 0.1111111111111111, "6": 0.1388888888888889, "7": 0.16666666666666666, "8": 0.19444444444444442, "9": 0.2222222222222222, "10": 0.25, "11": 0.2777777777777778, "12": 0.3055555555555555, "13": 0.3333333333333333, "14": 0.3611111111111111, "15": 0.38888888888888884, "16": 0.41666666666666663, "17": 0.4444444444444444, "18": 0.4722222222222222, "19": 0.5, "20": 0.5277777777777778, "21": 0.5555555555555556, "22": 0.5833333333333333, "23": 0.611111111111111, "24": 0.6388888888888888, "25": 0.6666666666666666, "26": 0.6944444444444444, "27": 0.7222222222222222, "28": 0.75, "29": 0.7777777777777777, "30": 0.8055555555555555, "31": 0.8333333333333333, "32": 0.861111111111111, "33": 0.8888888888888888, "34": 0.9166666666666666, "35": 0.9444444444444444, "36": 0.9722222222222222, "37": 1.0}