{"2": 0.03125, "3": 0.0625, "4": 0.09375, "5": 0.125, "6": 0.15625, "7": 0.1875, "8": 0.21875, "9": 0.25, "10": 0.28125, "11": 0.3125, "12": 0.34375, "13": 0.375, "14": 0.40625, "15": 0.4375, "16": 0.46875, "17": 0.5, "18": 0.53125, "19": 0.5625, "20": 0.59375, "21": 0.625, "22": 0.65625, "23": 0.6875, "24": 0.71875, "25": 0.75, "26": 0.78125, "27": 0.8125, "28": 0.84375, "29": 0.875, "30": 0.90625, "31": 0.9375, "32": 0.96875, "33": 1.0}