{"1": 0.0, "2": 0.011764705882352941, "3": 0.023529411764705882, "4": 0.03529411764705882, "5": 0.047058823529411764, "6": 0.058823529411764705, "7": 0.07058823529411765, "8": 0.08235294117647059, "9": 0.09411764705882353, "10": 0.10588235294117647, "11": 0.11764705882352941, "12": 0.12941176470588234, "13": 0.1411764705882353, "14": 0.15294117647058825, "15": 0.16470588235294117, "16": 0.1764705882352941, "17": 0.18823529411764706, "18": 0.2, "19": 0.21176470588235294, "20": 0.22352941176470587, "21": 0.23529411764705882, "22": 0.24705882352941178, "23": 0.2588235294117647, "24": 0.27058823529411763, "25": 0.2823529411764706, "26": 0.29411764705882354, "27": 0.3058823529411765, "28": 0.3176470588235294, "29": 0.32941176470588235, "30": 0.3411764705882353, "31": 0.3529411764705882, "32": 0.36470588235294116, "33": 0.3764705882352941, "34": 0.38823529411764707, "35": 0.4, "36": 0.4117647058823529, "37": 0.4235294117647059, "38": 0.43529411764705883, "39": 0.44705882352941173, "40": 0.4588235294117647, "41": 0.47058823529411764, "42": 0.4823529411764706, "43": 0.49411764705882355, "44": 0.5058823529411764, "45": 0.5176470588235293, "46": 0.5294117647058824, "47": 0.5411764705882353, "48": 0.5529411764705883, "49": 0.5647058823529412, "50": 0.5764705882352941, "51": 0.5882352941176471, "52": 0.6, "53": 0.611764705882353, "54": 0.6235294117647059, "55": 0.6352941176470588, "56": 0.6470588235294118, "57": 0.6588235294117647, "58": 0.6705882352941176, "59": 0.6823529411764706, "60": 0.6941176470588235, "61": 0.7058823529411764, "62": 0.7176470588235294, "63": 0.7294117647058823, "64": 0.7411764705882353, "65": 0.7529411764705882, "66": 0.7647058823529411, "67": 0.7764705882352941, "68": 0.788235294117647, "69": 0.8, "70": 0.8117647058823529, "71": 0.8235294117647058, "72": 0.8352941176470589, "73": 0.8470588235294118, "74": 0.8588235294117647, "75": 0.8705882352941177, "76": 0.8823529411764706, "77": 0.8941176470588235, "78": 0.9058823529411765, "79": 0.9176470588235294, "80": 0.9294117647058824, "81": 0.9411764705882353, "82": 0.9529411764705882, "83": 0.9647058823529412, "84": 0.9764705882352941, "85": 0.9882352941176471, "86": 1.0}