{"1": 0.0, "2": 0.01282051282051282, "3": 0.02564102564102564, "4": 0.038461538461538464, "5": 0.05128205128205128, "6": 0.0641025641025641, "7": 0.07692307692307693, "8": 0.08974358974358974, "9": 0.10256410256410256, "10": 0.11538461538461538, "11": 0.1282051282051282, "12": 0.14102564102564102, "13": 0.15384615384615385, "14": 0.16666666666666666, "15": 0.1794871794871795, "16": 0.1923076923076923, "17": 0.20512820512820512, "18": 0.21794871794871795, "19": 0.23076923076923075, "20": 0.24358974358974358, "21": 0.2564102564102564, "22": 0.2692307692307692, "23": 0.28205128205128205, "24": 0.2948717948717949, "25": 0.3076923076923077, "26": 0.3205128205128205, "27": 0.3333333333333333, "28": 0.34615384615384615, "29": 0.358974358974359, "30": 0.3717948717948718, "31": 0.3846153846153846, "32": 0.3974358974358974, "33": 0.41025641025641024, "34": 0.4230769230769231, "35": 0.4358974358974359, "36": 0.4487179487179487, "37": 0.4615384615384615, "38": 0.47435897435897434, "39": 0.48717948717948717, "40": 0.5, "41": 0.5128205128205128, "42": 0.5256410256410257, "43": 0.5384615384615384, "44": 0.5512820512820512, "45": 0.5641025641025641, "46": 0.5769230769230769, "47": 0.5897435897435898, "48": 0.6025641025641025, "49": 0.6153846153846154, "50": 0.6282051282051282, "51": 0.641025641025641, "52": 0.6538461538461539, "53": 0.6666666666666666, "54": 0.6794871794871795, "55": 0.6923076923076923, "56": 0.7051282051282051, "57": 0.717948717948718, "58": 0.7307692307692307, "59": 0.7435897435897436, "60": 0.7564102564102564, "61": 0.7692307692307692, "62": 0.782051282051282, "63": 0.7948717948717948, "64": 0.8076923076923077, "65": 0.8205128205128205, "66": 0.8333333333333333, "67": 0.8461538461538461, "68": 0.8589743589743589, "69": 0.8717948717948718, "70": 0.8846153846153846, "71": 0.8974358974358974, "72": 0.9102564102564102, "73": 0.923076923076923, "74": 0.9358974358974359, "75": 0.9487179487179487, "76": 0.9615384615384615, "77": 0.9743589743589743, "78": 0.9871794871794871, "79": 1.0}