{"2": 0.014285714285714285, "3": 0.02857142857142857, "4": 0.04285714285714286, "5": 0.05714285714285714, "6": 0.07142857142857142, "7": 0.08571428571428572, "8": 0.09999999999999999, "9": 0.11428571428571428, "10": 0.12857142857142856, "11": 0.14285714285714285, "12": 0.15714285714285714, "13": 0.17142857142857143, "14": 0.18571428571428572, "15": 0.19999999999999998, "16": 0.21428571428571427, "17": 0.22857142857142856, "18": 0.24285714285714285, "19": 0.2571428571428571, "20": 0.2714285714285714, "21": 0.2857142857142857, "22": 0.3, "23": 0.3142857142857143, "24": 0.32857142857142857, "25": 0.34285714285714286, "26": 0.35714285714285715, "27": 0.37142857142857144, "28": 0.3857142857142857, "29": 0.39999999999999997, "30": 0.41428571428571426, "31": 0.42857142857142855, "32": 0.44285714285714284, "33": 0.45714285714285713, "34": 0.4714285714285714, "35": 0.4857142857142857, "36": 0.5, "37": 0.5142857142857142, "38": 0.5285714285714286, "39": 0.5428571428571428, "40": 0.5571428571428572, "41": 0.5714285714285714, "42": 0.5857142857142857, "43": 0.6, "44": 0.6142857142857142, "45": 0.6285714285714286, "46": 0.6428571428571428, "47": 0.6571428571428571, "48": 0.6714285714285714, "49": 0.6857142857142857, "50": 0.7, "51": 0.7142857142857143, "52": 0.7285714285714285, "53": 0.7428571428571429, "54": 0.7571428571428571, "55": 0.7714285714285714, "56": 0.7857142857142857, "57": 0.7999999999999999, "58": 0.8142857142857143, "59": 0.8285714285714285, "60": 0.8428571428571429, "61": 0.8571428571428571, "62": 0.8714285714285714, "63": 0.8857142857142857, "64": 0.9, "65": 0.9142857142857143, "66": 0.9285714285714285, "67": 0.9428571428571428, "68": 0.9571428571428571, "69": 0.9714285714285714, "70": 0.9857142857142857, "71": 1.0}