{"2": 0.0125, "3": 0.025, "4": 0.037500000000000006, "5": 0.05, "6": 0.0625, "7": 0.07500000000000001, "8": 0.08750000000000001, "9": 0.1, "10": 0.1125, "11": 0.125, "12": 0.1375, "13": 0.15000000000000002, "14": 0.1625, "15": 0.17500000000000002, "16": 0.1875, "17": 0.2, "18": 0.21250000000000002, "19": 0.225, "20": 0.23750000000000002, "21": 0.25, "22": 0.2625, "23": 0.275, "24": 0.28750000000000003, "25": 0.30000000000000004, "26": 0.3125, "27": 0.325, "28": 0.3375, "29": 0.35000000000000003, "30": 0.36250000000000004, "31": 0.375, "32": 0.3875, "33": 0.4, "34": 0.41250000000000003, "35": 0.42500000000000004, "36": 0.4375, "37": 0.45, "38": 0.4625, "39": 0.47500000000000003, "40": 0.48750000000000004, "41": 0.5, "42": 0.5125000000000001, "43": 0.525, "44": 0.5375, "45": 0.55, "46": 0.5625, "47": 0.5750000000000001, "48": 0.5875, "49": 0.6000000000000001, "50": 0.6125, "51": 0.625, "52": 0.6375000000000001, "53": 0.65, "54": 0.6625000000000001, "55": 0.675, "56": 0.6875, "57": 0.7000000000000001, "58": 0.7125, "59": 0.7250000000000001, "60": 0.7375, "61": 0.75, "62": 0.7625000000000001, "63": 0.775, "64": 0.7875000000000001, "65": 0.8, "66": 0.8125, "67": 0.8250000000000001, "68": 0.8375, "69": 0.8500000000000001, "70": 0.8625, "71": 0.875, "72": 0.8875000000000001, "73": 0.9, "74": 0.9125000000000001, "75": 0.925, "76": 0.9375, "77": 0.9500000000000001, "78": 0.9625, "79": 0.9750000000000001, "80": 0.9875, "81": 1.0}