{"1": 0.0, "2": 0.012195121951219513, "3": 0.024390243902439025, "4": 0.03658536585365854, "5": 0.04878048780487805, "6": 0.06097560975609756, "7": 0.07317073170731708, "8": 0.08536585365853659, "9": 0.0975609756097561, "10": 0.10975609756097561, "11": 0.12195121951219512, "12": 0.13414634146341464, "13": 0.14634146341463417, "14": 0.15853658536585366, "15": 0.17073170731707318, "16": 0.18292682926829268, "17": 0.1951219512195122, "18": 0.20731707317073172, "19": 0.21951219512195122, "20": 0.23170731707317074, "21": 0.24390243902439024, "22": 0.25609756097560976, "23": 0.2682926829268293, "24": 0.2804878048780488, "25": 0.29268292682926833, "26": 0.3048780487804878, "27": 0.3170731707317073, "28": 0.32926829268292684, "29": 0.34146341463414637, "30": 0.3536585365853659, "31": 0.36585365853658536, "32": 0.3780487804878049, "33": 0.3902439024390244, "34": 0.4024390243902439, "35": 0.41463414634146345, "36": 0.4268292682926829, "37": 0.43902439024390244, "38": 0.45121951219512196, "39": 0.4634146341463415, "40": 0.475609756097561, "41": 0.4878048780487805, "42": 0.5, "43": 0.5121951219512195, "44": 0.524390243902439, "45": 0.5365853658536586, "46": 0.5487804878048781, "47": 0.5609756097560976, "48": 0.5731707317073171, "49": 0.5853658536585367, "50": 0.5975609756097561, "51": 0.6097560975609756, "52": 0.6219512195121951, "53": 0.6341463414634146, "54": 0.6463414634146342, "55": 0.6585365853658537, "56": 0.6707317073170732, "57": 0.6829268292682927, "58": 0.6951219512195123, "59": 0.7073170731707318, "60": 0.7195121951219512, "61": 0.7317073170731707, "62": 0.7439024390243902, "63": 0.7560975609756098, "64": 0.7682926829268293, "65": 0.7804878048780488, "66": 0.7926829268292683, "67": 0.8048780487804879, "68": 0.8170731707317074, "69": 0.8292682926829269, "70": 0.8414634146341464, "71": 0.8536585365853658, "72": 0.8658536585365854, "73": 0.8780487804878049, "74": 0.8902439024390244, "75": 0.9024390243902439, "76": 0.9146341463414634, "77": 0.926829268292683, "78": 0.9390243902439025, "79": 0.951219512195122, "80": 0.9634146341463415, "81": 0.975609756097561, "82": 0.9878048780487805, "83": 1.0}