{"2": 0.01694915254237288, "3": 0.03389830508474576, "4": 0.05084745762711865, "5": 0.06779661016949153, "6": 0.0847457627118644, "7": 0.1016949152542373, "8": 0.11864406779661017, "9": 0.13559322033898305, "10": 0.15254237288135594, "11": 0.1694915254237288, "12": 0.1864406779661017, "13": 0.2033898305084746, "14": 0.22033898305084745, "15": 0.23728813559322035, "16": 0.2542372881355932, "17": 0.2711864406779661, "18": 0.288135593220339, "19": 0.3050847457627119, "20": 0.3220338983050847, "21": 0.3389830508474576, "22": 0.3559322033898305, "23": 0.3728813559322034, "24": 0.3898305084745763, "25": 0.4067796610169492, "26": 0.423728813559322, "27": 0.4406779661016949, "28": 0.4576271186440678, "29": 0.4745762711864407, "30": 0.4915254237288136, "31": 0.5084745762711864, "32": 0.5254237288135594, "33": 0.5423728813559322, "34": 0.559322033898305, "35": 0.576271186440678, "36": 0.5932203389830508, "37": 0.6101694915254238, "38": 0.6271186440677966, "39": 0.6440677966101694, "40": 0.6610169491525424, "41": 0.6779661016949152, "42": 0.6949152542372882, "43": 0.711864406779661, "44": 0.7288135593220338, "45": 0.7457627118644068, "46": 0.7627118644067796, "47": 0.7796610169491526, "48": 0.7966101694915254, "49": 0.8135593220338984, "50": 0.8305084745762712, "51": 0.847457627118644, "52": 0.864406779661017, "53": 0.8813559322033898, "54": 0.8983050847457628, "55": 0.9152542372881356, "56": 0.9322033898305084, "57": 0.9491525423728814, "58": 0.9661016949152542, "59": 0.9830508474576272, "60": 1.0}