{"1": 0.0, "2": 0.015625, "3": 0.03125, "4": 0.046875, "5": 0.0625, "6": 0.078125, "7": 0.09375, "8": 0.109375, "9": 0.125, "10": 0.140625, "11": 0.15625, "12": 0.171875, "13": 0.1875, "14": 0.203125, "15": 0.21875, "16": 0.234375, "17": 0.25, "18": 0.265625, "19": 0.28125, "20": 0.296875, "21": 0.3125, "22": 0.328125, "23": 0.34375, "24": 0.359375, "25": 0.375, "26": 0.390625, "27": 0.40625, "28": 0.421875, "29": 0.4375, "30": 0.453125, "31": 0.46875, "32": 0.484375, "33": 0.5, "34": 0.515625, "35": 0.53125, "36": 0.546875, "37": 0.5625, "38": 0.578125, "39": 0.59375, "40": 0.609375, "41": 0.625, "42": 0.640625, "43": 0.65625, "44": 0.671875, "45": 0.6875, "46": 0.703125, "47": 0.71875, "48": 0.734375, "49": 0.75, "50": 0.765625, "51": 0.78125, "52": 0.796875, "53": 0.8125, "54": 0.828125, "55": 0.84375, "56": 0.859375, "57": 0.875, "58": 0.890625, "59": 0.90625, "60": 0.921875, "61": 0.9375, "62": 0.953125, "63": 0.96875, "64": 0.984375, "65": 1.0}