{"1": 0.0, "2": 0.02, "3": 0.04, "4": 0.06, "5": 0.08, "6": 0.1, "7": 0.12, "8": 0.14, "9": 0.16, "10": 0.18, "11": 0.2, "12": 0.22, "13": 0.24, "14": 0.26, "15": 0.28, "16": 0.3, "17": 0.32, "18": 0.34, "19": 0.36, "20": 0.38, "21": 0.4, "22": 0.42, "23": 0.44, "24": 0.46, "25": 0.48, "26": 0.5, "27": 0.52, "28": 0.54, "29": 0.56, "30": 0.58, "31": 0.6, "32": 0.62, "33": 0.64, "34": 0.66, "35": 0.68, "36": 0.7000000000000001, "37": 0.72, "38": 0.74, "39": 0.76, "40": 0.78, "41": 0.8, "42": 0.8200000000000001, "43": 0.84, "44": 0.86, "45": 0.88, "46": 0.9, "47": 0.92, "48": 0.9400000000000001, "49": 0.96, "50": 0.98, "51": 1.0}