{"1": 0.0, "2": 0.012345679012345678, "3": 0.024691358024691357, "4": 0.037037037037037035, "5": 0.04938271604938271, "6": 0.06172839506172839, "7": 0.07407407407407407, "8": 0.08641975308641975, "9": 0.09876543209876543, "10": 0.1111111111111111, "11": 0.12345679012345678, "12": 0.13580246913580246, "13": 0.14814814814814814, "14": 0.16049382716049382, "15": 0.1728395061728395, "16": 0.18518518518518517, "17": 0.19753086419753085, "18": 0.20987654320987653, "19": 0.2222222222222222, "20": 0.2345679012345679, "21": 0.24691358024691357, "22": 0.25925925925925924, "23": 0.2716049382716049, "24": 0.2839506172839506, "25": 0.2962962962962963, "26": 0.30864197530864196, "27": 0.32098765432098764, "28": 0.3333333333333333, "29": 0.345679012345679, "30": 0.35802469135802467, "31": 0.37037037037037035, "32": 0.38271604938271603, "33": 0.3950617283950617, "34": 0.4074074074074074, "35": 0.41975308641975306, "36": 0.43209876543209874, "37": 0.4444444444444444, "38": 0.4567901234567901, "39": 0.4691358024691358, "40": 0.48148148148148145, "41": 0.49382716049382713, "42": 0.5061728395061729, "43": 0.5185185185185185, "44": 0.5308641975308641, "45": 0.5432098765432098, "46": 0.5555555555555556, "47": 0.5679012345679012, "48": 0.5802469135802468, "49": 0.5925925925925926, "50": 0.6049382716049383, "51": 0.6172839506172839, "52": 0.6296296296296295, "53": 0.6419753086419753, "54": 0.654320987654321, "55": 0.6666666666666666, "56": 0.6790123456790123, "57": 0.691358024691358, "58": 0.7037037037037037, "59": 0.7160493827160493, "60": 0.728395061728395, "61": 0.7407407407407407, "62": 0.7530864197530864, "63": 0.7654320987654321, "64": 0.7777777777777777, "65": 0.7901234567901234, "66": 0.8024691358024691, "67": 0.8148148148148148, "68": 0.8271604938271604, "69": 0.8395061728395061, "70": 0.8518518518518519, "71": 0.8641975308641975, "72": 0.8765432098765431, "73": 0.8888888888888888, "74": 0.9012345679012346, "75": 0.9135802469135802, "76": 0.9259259259259258, "77": 0.9382716049382716, "78": 0.9506172839506173, "79": 0.9629629629629629, "80": 0.9753086419753085, "81": 0.9876543209876543, "82": 1.0}