{"1": 0.0, "2": 0.012658227848101266, "3": 0.02531645569620253, "4": 0.0379746835443038, "5": 0.05063291139240506, "6": 0.06329113924050633, "7": 0.0759493670886076, "8": 0.08860759493670886, "9": 0.10126582278481013, "10": 0.11392405063291139, "11": 0.12658227848101267, "12": 0.13924050632911392, "13": 0.1518987341772152, "14": 0.16455696202531644, "15": 0.17721518987341772, "16": 0.18987341772151897, "17": 0.20253164556962025, "18": 0.21518987341772153, "19": 0.22784810126582278, "20": 0.24050632911392406, "21": 0.25316455696202533, "22": 0.26582278481012656, "23": 0.27848101265822783, "24": 0.2911392405063291, "25": 0.3037974683544304, "26": 0.31645569620253167, "27": 0.3291139240506329, "28": 0.34177215189873417, "29": 0.35443037974683544, "30": 0.3670886075949367, "31": 0.37974683544303794, "32": 0.3924050632911392, "33": 0.4050632911392405, "34": 0.4177215189873418, "35": 0.43037974683544306, "36": 0.4430379746835443, "37": 0.45569620253164556, "38": 0.46835443037974683, "39": 0.4810126582278481, "40": 0.49367088607594933, "41": 0.5063291139240507, "42": 0.5189873417721519, "43": 0.5316455696202531, "44": 0.5443037974683544, "45": 0.5569620253164557, "46": 0.569620253164557, "47": 0.5822784810126582, "48": 0.5949367088607594, "49": 0.6075949367088608, "50": 0.620253164556962, "51": 0.6329113924050633, "52": 0.6455696202531646, "53": 0.6582278481012658, "54": 0.6708860759493671, "55": 0.6835443037974683, "56": 0.6962025316455696, "57": 0.7088607594936709, "58": 0.7215189873417721, "59": 0.7341772151898734, "60": 0.7468354430379747, "61": 0.7594936708860759, "62": 0.7721518987341772, "63": 0.7848101265822784, "64": 0.7974683544303798, "65": 0.810126582278481, "66": 0.8227848101265822, "67": 0.8354430379746836, "68": 0.8481012658227848, "69": 0.8607594936708861, "70": 0.8734177215189873, "71": 0.8860759493670886, "72": 0.8987341772151899, "73": 0.9113924050632911, "74": 0.9240506329113924, "75": 0.9367088607594937, "76": 0.9493670886075949, "77": 0.9620253164556962, "78": 0.9746835443037974, "79": 0.9873417721518987, "80": 1.0}