{"1": 0.0, "2": 0.018518518518518517, "3": 0.037037037037037035, "4": 0.05555555555555555, "5": 0.07407407407407407, "6": 0.09259259259259259, "7": 0.1111111111111111, "8": 0.12962962962962962, "9": 0.14814814814814814, "10": 0.16666666666666666, "11": 0.18518518518518517, "12": 0.2037037037037037, "13": 0.2222222222222222, "14": 0.24074074074074073, "15": 0.25925925925925924, "16": 0.2777777777777778, "17": 0.2962962962962963, "18": 0.31481481481481477, "19": 0.3333333333333333, "20": 0.35185185185185186, "21": 0.37037037037037035, "22": 0.38888888888888884, "23": 0.4074074074074074, "24": 0.42592592592592593, "25": 0.4444444444444444, "26": 0.4629629629629629, "27": 0.48148148148148145, "28": 0.5, "29": 0.5185185185185185, "30": 0.537037037037037, "31": 0.5555555555555556, "32": 0.5740740740740741, "33": 0.5925925925925926, "34": 0.611111111111111, "35": 0.6296296296296295, "36": 0.6481481481481481, "37": 0.6666666666666666, "38": 0.6851851851851851, "39": 0.7037037037037037, "40": 0.7222222222222222, "41": 0.7407407407407407, "42": 0.7592592592592592, "43": 0.7777777777777777, "44": 0.7962962962962963, "45": 0.8148148148148148, "46": 0.8333333333333333, "47": 0.8518518518518519, "48": 0.8703703703703703, "49": 0.8888888888888888, "50": 0.9074074074074073, "51": 0.9259259259259258, "52": 0.9444444444444444, "53": 0.9629629629629629, "54": 0.9814814814814814, "55": 1.0}