{"2": 0.017857142857142856, "3": 0.03571428571428571, "4": 0.05357142857142857, "5": 0.07142857142857142, "6": 0.08928571428571427, "7": 0.10714285714285714, "8": 0.125, "9": 0.14285714285714285, "10": 0.1607142857142857, "11": 0.17857142857142855, "12": 0.19642857142857142, "13": 0.21428571428571427, "14": 0.23214285714285712, "15": 0.25, "16": 0.26785714285714285, "17": 0.2857142857142857, "18": 0.30357142857142855, "19": 0.3214285714285714, "20": 0.33928571428571425, "21": 0.3571428571428571, "22": 0.375, "23": 0.39285714285714285, "24": 0.4107142857142857, "25": 0.42857142857142855, "26": 0.4464285714285714, "27": 0.46428571428571425, "28": 0.4821428571428571, "29": 0.5, "30": 0.5178571428571428, "31": 0.5357142857142857, "32": 0.5535714285714285, "33": 0.5714285714285714, "34": 0.5892857142857143, "35": 0.6071428571428571, "36": 0.625, "37": 0.6428571428571428, "38": 0.6607142857142857, "39": 0.6785714285714285, "40": 0.6964285714285714, "41": 0.7142857142857142, "42": 0.7321428571428571, "43": 0.75, "44": 0.7678571428571428, "45": 0.7857142857142857, "46": 0.8035714285714285, "47": 0.8214285714285714, "48": 0.8392857142857142, "49": 0.8571428571428571, "50": 0.875, "51": 0.8928571428571428, "52": 0.9107142857142857, "53": 0.9285714285714285, "54": 0.9464285714285714, "55": 0.9642857142857142, "56": 0.9821428571428571, "57": 1.0}