{"1": 0.0, "2": 0.045454545454545456, "3": 0.09090909090909091, "4": 0.13636363636363635, "5": 0.18181818181818182, "6": 0.2272727272727273, "7": 0.2727272727272727, "8": 0.3181818181818182, "9": 0.36363636363636365, "10": 0.4090909090909091, "11": 0.4545454545454546, "12": 0.5, "13": 0.5454545454545454, "14": 0.5909090909090909, "15": 0.6363636363636364, "16": 0.6818181818181819, "17": 0.7272727272727273, "18": 0.7727272727272727, "19": 0.8181818181818182, "20": 0.8636363636363636, "21": 0.9090909090909092, "22": 0.9545454545454546, "23": 1.0}