{"1": 0.0, "2": 0.058823529411764705, "3": 0.11764705882352941, "4": 0.1764705882352941, "5": 0.23529411764705882, "6": 0.29411764705882354, "7": 0.3529411764705882, "8": 0.4117647058823529, "9": 0.47058823529411764, "10": 0.5294117647058824, "11": 0.5882352941176471, "12": 0.6470588235294118, "13": 0.7058823529411764, "14": 0.7647058823529411, "15": 0.8235294117647058, "16": 0.8823529411764706, "17": 0.9411764705882353, "18": 1.0}