{"1": 0.0, "2": 0.019230769230769232, "3": 0.038461538461538464, "4": 0.057692307692307696, "5": 0.07692307692307693, "6": 0.09615384615384616, "7": 0.11538461538461539, "8": 0.13461538461538464, "9": 0.15384615384615385, "10": 0.17307692307692307, "11": 0.19230769230769232, "12": 0.21153846153846156, "13": 0.23076923076923078, "14": 0.25, "15": 0.2692307692307693, "16": 0.2884615384615385, "17": 0.3076923076923077, "18": 0.3269230769230769, "19": 0.34615384615384615, "20": 0.3653846153846154, "21": 0.38461538461538464, "22": 0.40384615384615385, "23": 0.42307692307692313, "24": 0.44230769230769235, "25": 0.46153846153846156, "26": 0.4807692307692308, "27": 0.5, "28": 0.5192307692307693, "29": 0.5384615384615385, "30": 0.5576923076923077, "31": 0.576923076923077, "32": 0.5961538461538461, "33": 0.6153846153846154, "34": 0.6346153846153847, "35": 0.6538461538461539, "36": 0.6730769230769231, "37": 0.6923076923076923, "38": 0.7115384615384616, "39": 0.7307692307692308, "40": 0.75, "41": 0.7692307692307693, "42": 0.7884615384615385, "43": 0.8076923076923077, "44": 0.826923076923077, "45": 0.8461538461538463, "46": 0.8653846153846154, "47": 0.8846153846153847, "48": 0.9038461538461539, "49": 0.9230769230769231, "50": 0.9423076923076924, "51": 0.9615384615384616, "52": 0.9807692307692308, "53": 1.0}