{"2": 0.041666666666666664, "3": 0.08333333333333333, "4": 0.125, "5": 0.16666666666666666, "6": 0.20833333333333331, "7": 0.25, "8": 0.29166666666666663, "9": 0.3333333333333333, "10": 0.375, "11": 0.41666666666666663, "12": 0.4583333333333333, "13": 0.5, "14": 0.5416666666666666, "15": 0.5833333333333333, "16": 0.625, "17": 0.6666666666666666, "18": 0.7083333333333333, "19": 0.75, "20": 0.7916666666666666, "21": 0.8333333333333333, "22": 0.875, "23": 0.9166666666666666, "24": 0.9583333333333333, "25": 1.0}