{"1": 0.0, "2": 0.011494252873563218, "3": 0.022988505747126436, "4": 0.034482758620689655, "5": 0.04597701149425287, "6": 0.05747126436781609, "7": 0.06896551724137931, "8": 0.08045977011494253, "9": 0.09195402298850575, "10": 0.10344827586206896, "11": 0.11494252873563218, "12": 0.12643678160919541, "13": 0.13793103448275862, "14": 0.14942528735632182, "15": 0.16091954022988506, "16": 0.1724137931034483, "17": 0.1839080459770115, "18": 0.1954022988505747, "19": 0.20689655172413793, "20": 0.21839080459770116, "21": 0.22988505747126436, "22": 0.24137931034482757, "23": 0.25287356321839083, "24": 0.26436781609195403, "25": 0.27586206896551724, "26": 0.28735632183908044, "27": 0.29885057471264365, "28": 0.3103448275862069, "29": 0.3218390804597701, "30": 0.3333333333333333, "31": 0.3448275862068966, "32": 0.3563218390804598, "33": 0.367816091954023, "34": 0.3793103448275862, "35": 0.3908045977011494, "36": 0.40229885057471265, "37": 0.41379310344827586, "38": 0.42528735632183906, "39": 0.4367816091954023, "40": 0.4482758620689655, "41": 0.45977011494252873, "42": 0.47126436781609193, "43": 0.48275862068965514, "44": 0.4942528735632184, "45": 0.5057471264367817, "46": 0.5172413793103449, "47": 0.5287356321839081, "48": 0.5402298850574713, "49": 0.5517241379310345, "50": 0.5632183908045977, "51": 0.5747126436781609, "52": 0.5862068965517241, "53": 0.5977011494252873, "54": 0.6091954022988506, "55": 0.6206896551724138, "56": 0.632183908045977, "57": 0.6436781609195402, "58": 0.6551724137931034, "59": 0.6666666666666666, "60": 0.6781609195402298, "61": 0.6896551724137931, "62": 0.7011494252873564, "63": 0.7126436781609196, "64": 0.7241379310344828, "65": 0.735632183908046, "66": 0.7471264367816092, "67": 0.7586206896551724, "68": 0.7701149425287356, "69": 0.7816091954022988, "70": 0.7931034482758621, "71": 0.8045977011494253, "72": 0.8160919540229885, "73": 0.8275862068965517, "74": 0.8390804597701149, "75": 0.8505747126436781, "76": 0.8620689655172413, "77": 0.8735632183908046, "78": 0.8850574712643678, "79": 0.896551724137931, "80": 0.9080459770114943, "81": 0.9195402298850575, "82": 0.9310344827586207, "83": 0.9425287356321839, "84": 0.9540229885057471, "85": 0.9655172413793103, "86": 0.9770114942528736, "87": 0.9885057471264368, "88": 1.0}