{"2": 0.017241379310344827, "3": 0.034482758620689655, "4": 0.05172413793103448, "5": 0.06896551724137931, "6": 0.08620689655172414, "7": 0.10344827586206896, "8": 0.12068965517241378, "9": 0.13793103448275862, "10": 0.15517241379310345, "11": 0.1724137931034483, "12": 0.1896551724137931, "13": 0.20689655172413793, "14": 0.22413793103448276, "15": 0.24137931034482757, "16": 0.25862068965517243, "17": 0.27586206896551724, "18": 0.29310344827586204, "19": 0.3103448275862069, "20": 0.3275862068965517, "21": 0.3448275862068966, "22": 0.3620689655172414, "23": 0.3793103448275862, "24": 0.39655172413793105, "25": 0.41379310344827586, "26": 0.43103448275862066, "27": 0.4482758620689655, "28": 0.46551724137931033, "29": 0.48275862068965514, "30": 0.5, "31": 0.5172413793103449, "32": 0.5344827586206896, "33": 0.5517241379310345, "34": 0.5689655172413793, "35": 0.5862068965517241, "36": 0.603448275862069, "37": 0.6206896551724138, "38": 0.6379310344827586, "39": 0.6551724137931034, "40": 0.6724137931034483, "41": 0.6896551724137931, "42": 0.7068965517241379, "43": 0.7241379310344828, "44": 0.7413793103448276, "45": 0.7586206896551724, "46": 0.7758620689655172, "47": 0.7931034482758621, "48": 0.8103448275862069, "49": 0.8275862068965517, "50": 0.8448275862068966, "51": 0.8620689655172413, "52": 0.8793103448275862, "53": 0.896551724137931, "54": 0.9137931034482758, "55": 0.9310344827586207, "56": 0.9482758620689655, "57": 0.9655172413793103, "58": 0.9827586206896551, "59": 1.0}