{"2": 0.016666666666666666, "3": 0.03333333333333333, "4": 0.05, "5": 0.06666666666666667, "6": 0.08333333333333333, "7": 0.1, "8": 0.11666666666666667, "9": 0.13333333333333333, "10": 0.15, "11": 0.16666666666666666, "12": 0.18333333333333332, "13": 0.2, "14": 0.21666666666666667, "15": 0.23333333333333334, "16": 0.25, "17": 0.26666666666666666, "18": 0.2833333333333333, "19": 0.3, "20": 0.31666666666666665, "21": 0.3333333333333333, "22": 0.35, "23": 0.36666666666666664, "24": 0.3833333333333333, "25": 0.4, "26": 0.4166666666666667, "27": 0.43333333333333335, "28": 0.45, "29": 0.4666666666666667, "30": 0.48333333333333334, "31": 0.5, "32": 0.5166666666666666, "33": 0.5333333333333333, "34": 0.55, "35": 0.5666666666666667, "36": 0.5833333333333334, "37": 0.6, "38": 0.6166666666666667, "39": 0.6333333333333333, "40": 0.65, "41": 0.6666666666666666, "42": 0.6833333333333333, "43": 0.7, "44": 0.7166666666666667, "45": 0.7333333333333333, "46": 0.75, "47": 0.7666666666666666, "48": 0.7833333333333333, "49": 0.8, "50": 0.8166666666666667, "51": 0.8333333333333334, "52": 0.85, "53": 0.8666666666666667, "54": 0.8833333333333333, "55": 0.9, "56": 0.9166666666666666, "57": 0.9333333333333333, "58": 0.95, "59": 0.9666666666666667, "60": 0.9833333333333333, "61": 1.0}