{"2": 0.01818181818181818, "3": 0.03636363636363636, "4": 0.05454545454545454, "5": 0.07272727272727272, "6": 0.09090909090909091, "7": 0.10909090909090909, "8": 0.12727272727272726, "9": 0.14545454545454545, "10": 0.16363636363636364, "11": 0.18181818181818182, "12": 0.19999999999999998, "13": 0.21818181818181817, "14": 0.23636363636363636, "15": 0.2545454545454545, "16": 0.2727272727272727, "17": 0.2909090909090909, "18": 0.3090909090909091, "19": 0.32727272727272727, "20": 0.34545454545454546, "21": 0.36363636363636365, "22": 0.3818181818181818, "23": 0.39999999999999997, "24": 0.41818181818181815, "25": 0.43636363636363634, "26": 0.45454545454545453, "27": 0.4727272727272727, "28": 0.4909090909090909, "29": 0.509090909090909, "30": 0.5272727272727272, "31": 0.5454545454545454, "32": 0.5636363636363636, "33": 0.5818181818181818, "34": 0.6, "35": 0.6181818181818182, "36": 0.6363636363636364, "37": 0.6545454545454545, "38": 0.6727272727272727, "39": 0.6909090909090909, "40": 0.7090909090909091, "41": 0.7272727272727273, "42": 0.7454545454545454, "43": 0.7636363636363636, "44": 0.7818181818181817, "45": 0.7999999999999999, "46": 0.8181818181818181, "47": 0.8363636363636363, "48": 0.8545454545454545, "49": 0.8727272727272727, "50": 0.8909090909090909, "51": 0.9090909090909091, "52": 0.9272727272727272, "53": 0.9454545454545454, "54": 0.9636363636363636, "55": 0.9818181818181818, "56": 1.0}