{"2": 0.013157894736842105, "3": 0.02631578947368421, "4": 0.039473684210526314, "5": 0.05263157894736842, "6": 0.06578947368421052, "7": 0.07894736842105263, "8": 0.09210526315789473, "9": 0.10526315789473684, "10": 0.11842105263157894, "11": 0.13157894736842105, "12": 0.14473684210526316, "13": 0.15789473684210525, "14": 0.17105263157894735, "15": 0.18421052631578946, "16": 0.19736842105263158, "17": 0.21052631578947367, "18": 0.22368421052631576, "19": 0.23684210526315788, "20": 0.25, "21": 0.2631578947368421, "22": 0.2763157894736842, "23": 0.2894736842105263, "24": 0.3026315789473684, "25": 0.3157894736842105, "26": 0.3289473684210526, "27": 0.3421052631578947, "28": 0.35526315789473684, "29": 0.3684210526315789, "30": 0.381578947368421, "31": 0.39473684210526316, "32": 0.40789473684210525, "33": 0.42105263157894735, "34": 0.43421052631578944, "35": 0.4473684210526315, "36": 0.4605263157894737, "37": 0.47368421052631576, "38": 0.48684210526315785, "39": 0.5, "40": 0.513157894736842, "41": 0.5263157894736842, "42": 0.5394736842105263, "43": 0.5526315789473684, "44": 0.5657894736842105, "45": 0.5789473684210527, "46": 0.5921052631578947, "47": 0.6052631578947368, "48": 0.6184210526315789, "49": 0.631578947368421, "50": 0.6447368421052632, "51": 0.6578947368421052, "52": 0.6710526315789473, "53": 0.6842105263157894, "54": 0.6973684210526315, "55": 0.7105263157894737, "56": 0.7236842105263157, "57": 0.7368421052631579, "58": 0.75, "59": 0.763157894736842, "60": 0.7763157894736842, "61": 0.7894736842105263, "62": 0.8026315789473684, "63": 0.8157894736842105, "64": 0.8289473684210525, "65": 0.8421052631578947, "66": 0.8552631578947368, "67": 0.8684210526315789, "68": 0.881578947368421, "69": 0.894736842105263, "70": 0.9078947368421052, "71": 0.9210526315789473, "72": 0.9342105263157894, "73": 0.9473684210526315, "74": 0.9605263157894737, "75": 0.9736842105263157, "76": 0.9868421052631579, "77": 1.0}