{"1": 0.0, "2": 0.0136986301369863, "3": 0.0273972602739726, "4": 0.0410958904109589, "5": 0.0547945205479452, "6": 0.0684931506849315, "7": 0.0821917808219178, "8": 0.0958904109589041, "9": 0.1095890410958904, "10": 0.1232876712328767, "11": 0.136986301369863, "12": 0.1506849315068493, "13": 0.1643835616438356, "14": 0.1780821917808219, "15": 0.1917808219178082, "16": 0.2054794520547945, "17": 0.2191780821917808, "18": 0.2328767123287671, "19": 0.2465753424657534, "20": 0.2602739726027397, "21": 0.273972602739726, "22": 0.2876712328767123, "23": 0.3013698630136986, "24": 0.3150684931506849, "25": 0.3287671232876712, "26": 0.3424657534246575, "27": 0.3561643835616438, "28": 0.3698630136986301, "29": 0.3835616438356164, "30": 0.3972602739726027, "31": 0.410958904109589, "32": 0.4246575342465753, "33": 0.4383561643835616, "34": 0.4520547945205479, "35": 0.4657534246575342, "36": 0.4794520547945205, "37": 0.4931506849315068, "38": 0.5068493150684932, "39": 0.5205479452054794, "40": 0.5342465753424657, "41": 0.547945205479452, "42": 0.5616438356164384, "43": 0.5753424657534246, "44": 0.5890410958904109, "45": 0.6027397260273972, "46": 0.6164383561643836, "47": 0.6301369863013698, "48": 0.6438356164383561, "49": 0.6575342465753424, "50": 0.6712328767123288, "51": 0.684931506849315, "52": 0.6986301369863013, "53": 0.7123287671232876, "54": 0.726027397260274, "55": 0.7397260273972602, "56": 0.7534246575342465, "57": 0.7671232876712328, "58": 0.7808219178082192, "59": 0.7945205479452054, "60": 0.8082191780821917, "61": 0.821917808219178, "62": 0.8356164383561644, "63": 0.8493150684931506, "64": 0.8630136986301369, "65": 0.8767123287671232, "66": 0.8904109589041096, "67": 0.9041095890410958, "68": 0.9178082191780821, "69": 0.9315068493150684, "70": 0.9452054794520548, "71": 0.958904109589041, "72": 0.9726027397260273, "73": 0.9863013698630136, "74": 1.0}