{"1": 0.0, "2": 0.047619047619047616, "3": 0.09523809523809523, "4": 0.14285714285714285, "5": 0.19047619047619047, "6": 0.23809523809523808, "7": 0.2857142857142857, "8": 0.3333333333333333, "9": 0.38095238095238093, "10": 0.42857142857142855, "11": 0.47619047619047616, "12": 0.5238095238095237, "13": 0.5714285714285714, "14": 0.6190476190476191, "15": 0.6666666666666666, "16": 0.7142857142857142, "17": 0.7619047619047619, "18": 0.8095238095238095, "19": 0.8571428571428571, "20": 0.9047619047619047, "21": 0.9523809523809523, "22": 1.0}