{"1": 0.0, "2": 0.06666666666666667, "3": 0.13333333333333333, "4": 0.2, "5": 0.26666666666666666, "6": 0.3333333333333333, "7": 0.4, "8": 0.4666666666666667, "9": 0.5333333333333333, "10": 0.6, "11": 0.6666666666666666, "12": 0.7333333333333333, "13": 0.8, "14": 0.8666666666666667, "15": 0.9333333333333333, "16": 1.0}