{"1": 0.0, "2": 0.021739130434782608, "3": 0.043478260869565216, "4": 0.06521739130434782, "5": 0.08695652173913043, "6": 0.10869565217391304, "7": 0.13043478260869565, "8": 0.15217391304347827, "9": 0.17391304347826086, "10": 0.19565217391304346, "11": 0.21739130434782608, "12": 0.2391304347826087, "13": 0.2608695652173913, "14": 0.2826086956521739, "15": 0.30434782608695654, "16": 0.32608695652173914, "17": 0.34782608695652173, "18": 0.3695652173913043, "19": 0.3913043478260869, "20": 0.41304347826086957, "21": 0.43478260869565216, "22": 0.45652173913043476, "23": 0.4782608695652174, "24": 0.5, "25": 0.5217391304347826, "26": 0.5434782608695652, "27": 0.5652173913043478, "28": 0.5869565217391304, "29": 0.6086956521739131, "30": 0.6304347826086957, "31": 0.6521739130434783, "32": 0.6739130434782609, "33": 0.6956521739130435, "34": 0.717391304347826, "35": 0.7391304347826086, "36": 0.7608695652173912, "37": 0.7826086956521738, "38": 0.8043478260869565, "39": 0.8260869565217391, "40": 0.8478260869565217, "41": 0.8695652173913043, "42": 0.8913043478260869, "43": 0.9130434782608695, "44": 0.9347826086956521, "45": 0.9565217391304348, "46": 0.9782608695652174, "47": 1.0}