{"2": 0.05555555555555555, "3": 0.1111111111111111, "4": 0.16666666666666666, "5": 0.2222222222222222, "6": 0.2777777777777778, "7": 0.3333333333333333, "8": 0.38888888888888884, "9": 0.4444444444444444, "10": 0.5, "11": 0.5555555555555556, "12": 0.611111111111111, "13": 0.6666666666666666, "14": 0.7222222222222222, "15": 0.7777777777777777, "16": 0.8333333333333333, "17": 0.8888888888888888, "18": 0.9444444444444444, "19": 1.0}