{"2": 0.07692307692307693, "3": 0.15384615384615385, "4": 0.23076923076923078, "5": 0.3076923076923077, "6": 0.38461538461538464, "7": 0.46153846153846156, "8": 0.5384615384615385, "9": 0.6153846153846154, "10": 0.6923076923076923, "11": 0.7692307692307693, "12": 0.8461538461538463, "13": 0.9230769230769231, "14": 1.0}