{"2": 0.011627906976744186, "3": 0.023255813953488372, "4": 0.03488372093023256, "5": 0.046511627906976744, "6": 0.05813953488372093, "7": 0.06976744186046512, "8": 0.08139534883720931, "9": 0.09302325581395349, "10": 0.10465116279069767, "11": 0.11627906976744186, "12": 0.12790697674418605, "13": 0.13953488372093023, "14": 0.1511627906976744, "15": 0.16279069767441862, "16": 0.1744186046511628, "17": 0.18604651162790697, "18": 0.19767441860465115, "19": 0.20930232558139533, "20": 0.22093023255813954, "21": 0.23255813953488372, "22": 0.2441860465116279, "23": 0.2558139534883721, "24": 0.26744186046511625, "25": 0.27906976744186046, "26": 0.29069767441860467, "27": 0.3023255813953488, "28": 0.313953488372093, "29": 0.32558139534883723, "30": 0.3372093023255814, "31": 0.3488372093023256, "32": 0.36046511627906974, "33": 0.37209302325581395, "34": 0.38372093023255816, "35": 0.3953488372093023, "36": 0.4069767441860465, "37": 0.41860465116279066, "38": 0.43023255813953487, "39": 0.4418604651162791, "40": 0.45348837209302323, "41": 0.46511627906976744, "42": 0.47674418604651164, "43": 0.4883720930232558, "44": 0.5, "45": 0.5116279069767442, "46": 0.5232558139534884, "47": 0.5348837209302325, "48": 0.5465116279069767, "49": 0.5581395348837209, "50": 0.5697674418604651, "51": 0.5813953488372093, "52": 0.5930232558139534, "53": 0.6046511627906976, "54": 0.6162790697674418, "55": 0.627906976744186, "56": 0.6395348837209303, "57": 0.6511627906976745, "58": 0.6627906976744186, "59": 0.6744186046511628, "60": 0.686046511627907, "61": 0.6976744186046512, "62": 0.7093023255813954, "63": 0.7209302325581395, "64": 0.7325581395348837, "65": 0.7441860465116279, "66": 0.7558139534883721, "67": 0.7674418604651163, "68": 0.7790697674418604, "69": 0.7906976744186046, "70": 0.8023255813953488, "71": 0.813953488372093, "72": 0.8255813953488372, "73": 0.8372093023255813, "74": 0.8488372093023255, "75": 0.8604651162790697, "76": 0.872093023255814, "77": 0.8837209302325582, "78": 0.8953488372093024, "79": 0.9069767441860465, "80": 0.9186046511627907, "81": 0.9302325581395349, "82": 0.9418604651162791, "83": 0.9534883720930233, "84": 0.9651162790697674, "85": 0.9767441860465116, "86": 0.9883720930232558, "87": 1.0}