{"2": 0.010752688172043012, "3": 0.021505376344086023, "4": 0.03225806451612903, "5": 0.043010752688172046, "6": 0.05376344086021506, "7": 0.06451612903225806, "8": 0.07526881720430108, "9": 0.08602150537634409, "10": 0.09677419354838711, "11": 0.10752688172043012, "12": 0.11827956989247312, "13": 0.12903225806451613, "14": 0.13978494623655915, "15": 0.15053763440860216, "16": 0.16129032258064518, "17": 0.17204301075268819, "18": 0.1827956989247312, "19": 0.19354838709677422, "20": 0.20430107526881722, "21": 0.21505376344086025, "22": 0.22580645161290325, "23": 0.23655913978494625, "24": 0.24731182795698928, "25": 0.25806451612903225, "26": 0.2688172043010753, "27": 0.2795698924731183, "28": 0.2903225806451613, "29": 0.3010752688172043, "30": 0.3118279569892473, "31": 0.32258064516129037, "32": 0.33333333333333337, "33": 0.34408602150537637, "34": 0.3548387096774194, "35": 0.3655913978494624, "36": 0.37634408602150543, "37": 0.38709677419354843, "38": 0.39784946236559143, "39": 0.40860215053763443, "40": 0.41935483870967744, "41": 0.4301075268817205, "42": 0.4408602150537635, "43": 0.4516129032258065, "44": 0.4623655913978495, "45": 0.4731182795698925, "46": 0.4838709677419355, "47": 0.49462365591397855, "48": 0.5053763440860215, "49": 0.5161290322580645, "50": 0.5268817204301076, "51": 0.5376344086021506, "52": 0.5483870967741936, "53": 0.5591397849462366, "54": 0.5698924731182796, "55": 0.5806451612903226, "56": 0.5913978494623656, "57": 0.6021505376344086, "58": 0.6129032258064516, "59": 0.6236559139784946, "60": 0.6344086021505377, "61": 0.6451612903225807, "62": 0.6559139784946237, "63": 0.6666666666666667, "64": 0.6774193548387097, "65": 0.6881720430107527, "66": 0.6989247311827957, "67": 0.7096774193548387, "68": 0.7204301075268817, "69": 0.7311827956989247, "70": 0.7419354838709677, "71": 0.7526881720430109, "72": 0.7634408602150539, "73": 0.7741935483870969, "74": 0.7849462365591399, "75": 0.7956989247311829, "76": 0.8064516129032259, "77": 0.8172043010752689, "78": 0.8279569892473119, "79": 0.8387096774193549, "80": 0.8494623655913979, "81": 0.860215053763441, "82": 0.870967741935484, "83": 0.881720430107527, "84": 0.89247311827957, "85": 0.903225806451613, "86": 0.913978494623656, "87": 0.924731182795699, "88": 0.935483870967742, "89": 0.946236559139785, "90": 0.956989247311828, "91": 0.967741935483871, "92": 0.9784946236559141, "93": 0.9892473118279571, "94": 1.0}