{"1": 0.0, "2": 0.030303030303030304, "3": 0.06060606060606061, "4": 0.09090909090909091, "5": 0.12121212121212122, "6": 0.15151515151515152, "7": 0.18181818181818182, "8": 0.21212121212121213, "9": 0.24242424242424243, "10": 0.2727272727272727, "11": 0.30303030303030304, "12": 0.33333333333333337, "13": 0.36363636363636365, "14": 0.3939393939393939, "15": 0.42424242424242425, "16": 0.4545454545454546, "17": 0.48484848484848486, "18": 0.5151515151515151, "19": 0.5454545454545454, "20": 0.5757575757575758, "21": 0.6060606060606061, "22": 0.6363636363636364, "23": 0.6666666666666667, "24": 0.696969696969697, "25": 0.7272727272727273, "26": 0.7575757575757576, "27": 0.7878787878787878, "28": 0.8181818181818182, "29": 0.8484848484848485, "30": 0.8787878787878788, "31": 0.9090909090909092, "32": 0.9393939393939394, "33": 0.9696969696969697, "34": 1.0}