{"1": 0.0, "2": 0.023809523809523808, "3": 0.047619047619047616, "4": 0.07142857142857142, "5": 0.09523809523809523, "6": 0.11904761904761904, "7": 0.14285714285714285, "8": 0.16666666666666666, "9": 0.19047619047619047, "10": 0.21428571428571427, "11": 0.23809523809523808, "12": 0.26190476190476186, "13": 0.2857142857142857, "14": 0.30952380952380953, "15": 0.3333333333333333, "16": 0.3571428571428571, "17": 0.38095238095238093, "18": 0.40476190476190477, "19": 0.42857142857142855, "20": 0.45238095238095233, "21": 0.47619047619047616, "22": 0.5, "23": 0.5238095238095237, "24": 0.5476190476190476, "25": 0.5714285714285714, "26": 0.5952380952380952, "27": 0.6190476190476191, "28": 0.6428571428571428, "29": 0.6666666666666666, "30": 0.6904761904761905, "31": 0.7142857142857142, "32": 0.738095238095238, "33": 0.7619047619047619, "34": 0.7857142857142857, "35": 0.8095238095238095, "36": 0.8333333333333333, "37": 0.8571428571428571, "38": 0.8809523809523809, "39": 0.9047619047619047, "40": 0.9285714285714285, "41": 0.9523809523809523, "42": 0.9761904761904762, "43": 1.0}