{"2": 0.017543859649122806, "3": 0.03508771929824561, "4": 0.05263157894736842, "5": 0.07017543859649122, "6": 0.08771929824561403, "7": 0.10526315789473684, "8": 0.12280701754385964, "9": 0.14035087719298245, "10": 0.15789473684210525, "11": 0.17543859649122806, "12": 0.19298245614035087, "13": 0.21052631578947367, "14": 0.22807017543859648, "15": 0.24561403508771928, "16": 0.2631578947368421, "17": 0.2807017543859649, "18": 0.2982456140350877, "19": 0.3157894736842105, "20": 0.3333333333333333, "21": 0.3508771929824561, "22": 0.3684210526315789, "23": 0.38596491228070173, "24": 0.40350877192982454, "25": 0.42105263157894735, "26": 0.43859649122807015, "27": 0.45614035087719296, "28": 0.47368421052631576, "29": 0.49122807017543857, "30": 0.5087719298245614, "31": 0.5263157894736842, "32": 0.5438596491228069, "33": 0.5614035087719298, "34": 0.5789473684210527, "35": 0.5964912280701754, "36": 0.6140350877192982, "37": 0.631578947368421, "38": 0.6491228070175439, "39": 0.6666666666666666, "40": 0.6842105263157894, "41": 0.7017543859649122, "42": 0.7192982456140351, "43": 0.7368421052631579, "44": 0.7543859649122806, "45": 0.7719298245614035, "46": 0.7894736842105263, "47": 0.8070175438596491, "48": 0.8245614035087718, "49": 0.8421052631578947, "50": 0.8596491228070176, "51": 0.8771929824561403, "52": 0.894736842105263, "53": 0.9122807017543859, "54": 0.9298245614035088, "55": 0.9473684210526315, "56": 0.9649122807017543, "57": 0.9824561403508771, "58": 1.0}