{"2": 0.014925373134328358, "3": 0.029850746268656716, "4": 0.04477611940298507, "5": 0.05970149253731343, "6": 0.07462686567164178, "7": 0.08955223880597014, "8": 0.1044776119402985, "9": 0.11940298507462686, "10": 0.13432835820895522, "11": 0.14925373134328357, "12": 0.16417910447761194, "13": 0.1791044776119403, "14": 0.19402985074626866, "15": 0.208955223880597, "16": 0.22388059701492538, "17": 0.23880597014925373, "18": 0.2537313432835821, "19": 0.26865671641791045, "20": 0.2835820895522388, "21": 0.29850746268656714, "22": 0.31343283582089554, "23": 0.3283582089552239, "24": 0.34328358208955223, "25": 0.3582089552238806, "26": 0.3731343283582089, "27": 0.3880597014925373, "28": 0.40298507462686567, "29": 0.417910447761194, "30": 0.43283582089552236, "31": 0.44776119402985076, "32": 0.4626865671641791, "33": 0.47761194029850745, "34": 0.4925373134328358, "35": 0.5074626865671642, "36": 0.5223880597014925, "37": 0.5373134328358209, "38": 0.5522388059701493, "39": 0.5671641791044776, "40": 0.582089552238806, "41": 0.5970149253731343, "42": 0.6119402985074627, "43": 0.6268656716417911, "44": 0.6417910447761194, "45": 0.6567164179104478, "46": 0.6716417910447761, "47": 0.6865671641791045, "48": 0.7014925373134329, "49": 0.7164179104477612, "50": 0.7313432835820896, "51": 0.7462686567164178, "52": 0.7611940298507462, "53": 0.7761194029850746, "54": 0.7910447761194029, "55": 0.8059701492537313, "56": 0.8208955223880597, "57": 0.835820895522388, "58": 0.8507462686567164, "59": 0.8656716417910447, "60": 0.8805970149253731, "61": 0.8955223880597015, "62": 0.9104477611940298, "63": 0.9253731343283582, "64": 0.9402985074626865, "65": 0.9552238805970149, "66": 0.9701492537313433, "67": 0.9850746268656716, "68": 1.0}