{"2": 0.014705882352941176, "3": 0.029411764705882353, "4": 0.044117647058823525, "5": 0.058823529411764705, "6": 0.07352941176470588, "7": 0.08823529411764705, "8": 0.10294117647058823, "9": 0.11764705882352941, "10": 0.1323529411764706, "11": 0.14705882352941177, "12": 0.16176470588235295, "13": 0.1764705882352941, "14": 0.19117647058823528, "15": 0.20588235294117646, "16": 0.22058823529411764, "17": 0.23529411764705882, "18": 0.25, "19": 0.2647058823529412, "20": 0.27941176470588236, "21": 0.29411764705882354, "22": 0.3088235294117647, "23": 0.3235294117647059, "24": 0.3382352941176471, "25": 0.3529411764705882, "26": 0.3676470588235294, "27": 0.38235294117647056, "28": 0.39705882352941174, "29": 0.4117647058823529, "30": 0.4264705882352941, "31": 0.4411764705882353, "32": 0.45588235294117646, "33": 0.47058823529411764, "34": 0.4852941176470588, "35": 0.5, "36": 0.5147058823529411, "37": 0.5294117647058824, "38": 0.5441176470588235, "39": 0.5588235294117647, "40": 0.5735294117647058, "41": 0.5882352941176471, "42": 0.6029411764705882, "43": 0.6176470588235294, "44": 0.6323529411764706, "45": 0.6470588235294118, "46": 0.6617647058823529, "47": 0.6764705882352942, "48": 0.6911764705882353, "49": 0.7058823529411764, "50": 0.7205882352941176, "51": 0.7352941176470588, "52": 0.75, "53": 0.7647058823529411, "54": 0.7794117647058824, "55": 0.7941176470588235, "56": 0.8088235294117647, "57": 0.8235294117647058, "58": 0.8382352941176471, "59": 0.8529411764705882, "60": 0.8676470588235294, "61": 0.8823529411764706, "62": 0.8970588235294118, "63": 0.9117647058823529, "64": 0.9264705882352942, "65": 0.9411764705882353, "66": 0.9558823529411764, "67": 0.9705882352941176, "68": 0.9852941176470588, "69": 1.0}