{"2": 0.011904761904761904, "3": 0.023809523809523808, "4": 0.03571428571428571, "5": 0.047619047619047616, "6": 0.05952380952380952, "7": 0.07142857142857142, "8": 0.08333333333333333, "9": 0.09523809523809523, "10": 0.10714285714285714, "11": 0.11904761904761904, "12": 0.13095238095238093, "13": 0.14285714285714285, "14": 0.15476190476190477, "15": 0.16666666666666666, "16": 0.17857142857142855, "17": 0.19047619047619047, "18": 0.20238095238095238, "19": 0.21428571428571427, "20": 0.22619047619047616, "21": 0.23809523809523808, "22": 0.25, "23": 0.26190476190476186, "24": 0.2738095238095238, "25": 0.2857142857142857, "26": 0.2976190476190476, "27": 0.30952380952380953, "28": 0.3214285714285714, "29": 0.3333333333333333, "30": 0.34523809523809523, "31": 0.3571428571428571, "32": 0.369047619047619, "33": 0.38095238095238093, "34": 0.39285714285714285, "35": 0.40476190476190477, "36": 0.41666666666666663, "37": 0.42857142857142855, "38": 0.44047619047619047, "39": 0.45238095238095233, "40": 0.46428571428571425, "41": 0.47619047619047616, "42": 0.4880952380952381, "43": 0.5, "44": 0.5119047619047619, "45": 0.5238095238095237, "46": 0.5357142857142857, "47": 0.5476190476190476, "48": 0.5595238095238095, "49": 0.5714285714285714, "50": 0.5833333333333333, "51": 0.5952380952380952, "52": 0.6071428571428571, "53": 0.6190476190476191, "54": 0.6309523809523809, "55": 0.6428571428571428, "56": 0.6547619047619048, "57": 0.6666666666666666, "58": 0.6785714285714285, "59": 0.6904761904761905, "60": 0.7023809523809523, "61": 0.7142857142857142, "62": 0.7261904761904762, "63": 0.738095238095238, "64": 0.75, "65": 0.7619047619047619, "66": 0.7738095238095237, "67": 0.7857142857142857, "68": 0.7976190476190476, "69": 0.8095238095238095, "70": 0.8214285714285714, "71": 0.8333333333333333, "72": 0.8452380952380952, "73": 0.8571428571428571, "74": 0.869047619047619, "75": 0.8809523809523809, "76": 0.8928571428571428, "77": 0.9047619047619047, "78": 0.9166666666666666, "79": 0.9285714285714285, "80": 0.9404761904761905, "81": 0.9523809523809523, "82": 0.9642857142857142, "83": 0.9761904761904762, "84": 0.988095238095238, "85": 1.0}